Table Name,Counter Name,Data Id,MO Class
DC_E_WMG_TWAG_STATS,DHCP_Discover_Discarded,twag-general_dhcp-discover-discarded,twag-general
DC_E_WMG_TWAG_STATS,DHCP_Discover_Discarded_Due_To_Secure_VLAN_ID,twag-general_dhcp-discover-discarded-due-to-secure-vlan-id,twag-general
DC_E_WMG_TWAG_STATS,DHCP_NAK_Sent,twag-general_dhcp-nak-sent,twag-general
DC_E_WMG_TWAG_STATS,DHCP_Request_Discarded,twag-general_dhcp-request-discarded,twag-general
DC_E_WMG_TWAG_STATS,Secure_Trigger_Message_Rcvd_With_Open_VLAN_ID,twag-general_secure-trigger-message-rcvd-with-open-vlan-id,twag-general
DC_E_WMG_TWAG_STATS,VLAN_ID_Absent,twag-general_vlan-id-absent,twag-general
DC_E_WMG_TWAG_STATS,VLAN_ID_Mismatched,twag-general_vlan-id-mismatched,twag-general
DC_E_WMG_TWAG_STATS,Open_SSID_Active_PDN_Connections,twag-open_ssid_active-pdn-connections,twag-open_ssid
DC_E_WMG_TWAG_STATS,Open_SSID_CoA_Process_Success,twag-open_ssid_coa-process-success,twag-open_ssid
DC_E_WMG_TWAG_STATS,Open_SSID_DHCP_ACK_Sent,twag-open_ssid_dhcp-ack-sent,twag-open_ssid
DC_E_WMG_TWAG_STATS,Open_SSID_DHCP_Discover_Discarded,twag-open_ssid_dhcp-discover-discarded,twag-open_ssid
DC_E_WMG_TWAG_STATS,Open_SSID_DHCP_Discover_Rcvd,twag-open_ssid_dhcp-discover-rcvd,twag-open_ssid
DC_E_WMG_TWAG_STATS,Open_SSID_DHCP_NAK_Sent,twag-open_ssid_dhcp-nak-sent,twag-open_ssid
DC_E_WMG_TWAG_STATS,Open_SSID_DHCP_Offer_Sent,twag-open_ssid_dhcp-offer-sent,twag-open_ssid
DC_E_WMG_TWAG_STATS,Open_SSID_DHCP_Request_Discarded,twag-open_ssid_dhcp-request-discarded,twag-open_ssid
DC_E_WMG_TWAG_STATS,Open_SSID_DHCP_Request_Rcvd,twag-open_ssid_dhcp-request-rcvd,twag-open_ssid
DC_E_WMG_TWAG_STATS,Open_SSID_DHCP_Request_Timeout,twag-open_ssid_dhcp-request-timeout,twag-open_ssid
DC_E_WMG_TWAG_STATS,Open_SSID_DHCP_ULI_String_Error,twag-open_ssid_uli-string-error,twag-open_ssid
DC_E_WMG_TWAG_STATS,Open_SSID_Different_IP_Returned_by_PGW_in_CoA_Process,twag-open_ssid_different-ip-returned-by-pgw-in-coa-process,twag-open_ssid
DC_E_WMG_TWAG_STATS,Open_SSID_Different_IP_Returned_by_PGW_in_Initial_Attach,twag-open_ssid_different-ip-returned-by-pgw-in-initial-attach,twag-open_ssid
DC_E_WMG_TWAG_STATS,Open_SSID_Failed_Local_IP_Allocation,twag-open_ssid_failed-local-ip-allocation,twag-open_ssid
DC_E_WMG_TWAG_STATS,Open_SSID_Idle_Timer_Expiration,twag-open_ssid_idle-timer-expiration,twag-open_ssid
DC_E_WMG_TWAG_STATS,Open_SSID_Successful_Local_IP_Allocation,twag-open_ssid_successful-local-ip-allocation,twag-open_ssid
DC_E_WMG_TWAG_STATS,Open_SSID_Total_PDN_Connections,twag-open_ssid_total-pdn-connections,twag-open_ssid
DC_E_WMG_TWAG_STATS,Open_Ssid_Kpi_AAA_Message_Error,twag-open_ssid_kpi_aaa-message-error,twag-open_ssid_kpi
DC_E_WMG_TWAG_STATS,Open_Ssid_Kpi_AAA_Rejected,twag-open_ssid_kpi_aaa-rejected,twag-open_ssid_kpi
DC_E_WMG_TWAG_STATS,Open_Ssid_Kpi_AAA_Response_Timeout,twag-open_ssid_kpi_aaa-response-timeout,twag-open_ssid_kpi
DC_E_WMG_TWAG_STATS,Open_Ssid_Kpi_Connection_Establishment_Attempts,twag-open_ssid_kpi_connection-establishment-attempts,twag-open_ssid_kpi
DC_E_WMG_TWAG_STATS,Open_Ssid_Kpi_Connection_Establishment_Failure,twag-open_ssid_kpi_connection-establishment-failure,twag-open_ssid_kpi
DC_E_WMG_TWAG_STATS,Open_Ssid_Kpi_Connection_Establishment_Success,twag-open_ssid_kpi_connection-establishment-success,twag-open_ssid_kpi
DC_E_WMG_TWAG_STATS,Open_Ssid_Kpi_Connection_Establishment_Success_Rate,twag-open_ssid_kpi_connection-establishment-success-rate,twag-open_ssid_kpi
DC_E_WMG_TWAG_STATS,Open_Ssid_Kpi_IP_Allocation_Failure_By_Local_Pool,twag-open_ssid_kpi_ip-allocation-failure-by-local-pool,twag-open_ssid_kpi
DC_E_WMG_TWAG_STATS,Open_Ssid_Kpi_IP_Allocation_Failure_By_PGW,twag-open_ssid_kpi_ip-allocation-failure-by-pgw,twag-open_ssid_kpi
DC_E_WMG_TWAG_STATS,Open_Ssid_Kpi_No_AAA_Server,twag-open_ssid_kpi_no-aaa-server,twag-open_ssid_kpi
DC_E_WMG_TWAG_STATS,Open_Ssid_Kpi_No_PGW_Selected,twag-open_ssid_kpi_no-pgw-selected,twag-open_ssid_kpi
DC_E_WMG_TWAG_STATS,Open_Ssid_Kpi_Other_Failure,twag-open_ssid_kpi_other-failure,twag-open_ssid_kpi
DC_E_WMG_TWAG_STATS,Open_Ssid_Kpi_PGW_Message_Error,twag-open_ssid_kpi_pgw-message-error,twag-open_ssid_kpi
DC_E_WMG_TWAG_STATS,Open_Ssid_Kpi_PGW_Rejected,twag-open_ssid_kpi_pgw-rejected,twag-open_ssid_kpi
DC_E_WMG_TWAG_STATS,Open_Ssid_Kpi_PGW_Response_Timeout,twag-open_ssid_kpi_pgw-response-timeout,twag-open_ssid_kpi
DC_E_WMG_TWAG_STATS,Open_Ssid_Kpi_Subscription_Error,twag-open_ssid_kpi_subscription-error,twag-open_ssid_kpi
DC_E_WMG_TWAG_STATS,Open_Ssid_Kpi_UE_Response_Error,twag-open_ssid_kpi_ue-response-error,twag-open_ssid_kpi
DC_E_WMG_TWAG_STATS,Open_Ssid_Kpi_UE_Response_Timeout,twag-open_ssid_kpi_ue-response-timeout,twag-open_ssid_kpi
DC_E_WMG_TWAG_STATS,Secure_SSID_Active_PDN_Connections,twag-secure_ssid_active-pdn-connections,twag-secure_ssid
DC_E_WMG_TWAG_STATS,Secure_SSID_DHCP_ACK_Sent,twag-secure_ssid_dhcp-ack-sent,twag-secure_ssid
DC_E_WMG_TWAG_STATS,Secure_SSID_DHCP_Discover_Discarded,twag-secure_ssid_dhcp-discover-discarded,twag-secure_ssid
DC_E_WMG_TWAG_STATS,Secure_SSID_DHCP_Discover_Rcvd,twag-secure_ssid_dhcp-discover-rcvd,twag-secure_ssid
DC_E_WMG_TWAG_STATS,Secure_SSID_DHCP_NAK_Sent,twag-secure_ssid_dhcp-nak-sent,twag-secure_ssid
DC_E_WMG_TWAG_STATS,Secure_SSID_DHCP_Offer_Sent,twag-secure_ssid_dhcp-offer-sent,twag-secure_ssid
DC_E_WMG_TWAG_STATS,Secure_SSID_DHCP_Request_Discarded,twag-secure_ssid_dhcp-request-discarded,twag-secure_ssid
DC_E_WMG_TWAG_STATS,Secure_SSID_DHCP_Request_Rcvd,twag-secure_ssid_dhcp-request-rcvd,twag-secure_ssid
DC_E_WMG_TWAG_STATS,Secure_SSID_DHCP_Request_Timeout,twag-secure_ssid_dhcp-request-timeout,twag-secure_ssid
DC_E_WMG_TWAG_STATS,Secure_SSID_DHCP_ULI_String_Error,twag-secure_ssid_uli-string-error,twag-secure_ssid
DC_E_WMG_TWAG_STATS,Secure_SSID_Idle_Timer_Expiration,twag-secure_ssid_idle-timer-expiration,twag-secure_ssid
DC_E_WMG_TWAG_STATS,Secure_SSID_Total_PDN_Connections,twag-secure_ssid_total-pdn-connections,twag-secure_ssid
DC_E_WMG_TWAG_STATS,swt_no_tunnel_failed_local_ip_allocation,twag-secure_ssid_swt-no-tunnel-failed-local-ip-allocation,twag-secure_ssid
DC_E_WMG_TWAG_STATS,swt_no_tunnel_successful_local_ip_allocation,twag-secure_ssid_swt-no-tunnel-successful-local-ip-allocation,twag-secure_ssid
DC_E_WMG_TWAG_STATS,Secure_Ssid_Kpi_AAA_Message_Error,twag-secure_ssid_kpi_aaa-message-error,twag-secure_ssid_kpi
DC_E_WMG_TWAG_STATS,Secure_Ssid_Kpi_AAA_Rejected,twag-secure_ssid_kpi_aaa-rejected,twag-secure_ssid_kpi
DC_E_WMG_TWAG_STATS,Secure_Ssid_Kpi_AAA_Response_Timeout,twag-secure_ssid_kpi_aaa-response-timeout,twag-secure_ssid_kpi
DC_E_WMG_TWAG_STATS,Secure_Ssid_Kpi_AP_Response_Timeout,twag-secure_ssid_kpi_ap-response-timeout,twag-secure_ssid_kpi
DC_E_WMG_TWAG_STATS,Secure_Ssid_Kpi_Connection_Establishment_Attempts,twag-secure_ssid_kpi_connection-establishment-attempts,twag-secure_ssid_kpi
DC_E_WMG_TWAG_STATS,Secure_Ssid_Kpi_Connection_Establishment_Failure,twag-secure_ssid_kpi_connection-establishment-failure,twag-secure_ssid_kpi
DC_E_WMG_TWAG_STATS,Secure_Ssid_Kpi_Connection_Establishment_Success,twag-secure_ssid_kpi_connection-establishment-success,twag-secure_ssid_kpi
DC_E_WMG_TWAG_STATS,Secure_Ssid_Kpi_Connection_Establishment_Success_Rate,twag-secure_ssid_kpi_connection-establishment-success-rate,twag-secure_ssid_kpi
DC_E_WMG_TWAG_STATS,Secure_Ssid_Kpi_No_AAA_Server,twag-secure_ssid_kpi_no-aaa-server,twag-secure_ssid_kpi
DC_E_WMG_TWAG_STATS,Secure_Ssid_Kpi_No_PGW_Selected,twag-secure_ssid_kpi_no-pgw-selected,twag-secure_ssid_kpi
DC_E_WMG_TWAG_STATS,Secure_Ssid_Kpi_Other_Failure,twag-secure_ssid_kpi_other-failure,twag-secure_ssid_kpi
DC_E_WMG_TWAG_STATS,Secure_Ssid_Kpi_PGW_Message_Error,twag-secure_ssid_kpi_pgw-message-error,twag-secure_ssid_kpi
DC_E_WMG_TWAG_STATS,Secure_Ssid_Kpi_PGW_Rejected,twag-secure_ssid_kpi_pgw-rejected,twag-secure_ssid_kpi
DC_E_WMG_TWAG_STATS,Secure_Ssid_Kpi_PGW_Response_Timeout,twag-secure_ssid_kpi_pgw-response-timeout,twag-secure_ssid_kpi
DC_E_WMG_TWAG_STATS,Secure_Ssid_Kpi_Subscription_Error,twag-secure_ssid_kpi_subscription-error,twag-secure_ssid_kpi
DC_E_WMG_TWAG_STATS,Secure_Ssid_Kpi_UE_Response_Error,twag-secure_ssid_kpi_ue-response-error,twag-secure_ssid_kpi
DC_E_WMG_TWAG_STATS,Secure_Ssid_Kpi_UE_Response_Timeout,twag-secure_ssid_kpi_ue-response-timeout,twag-secure_ssid_kpi
DC_E_WMG_TWAG_STATS,Open_Ssid_Attach_Rate,twag-tps_open-ssid-attach-rate,twag-tps
DC_E_WMG_TWAG_STATS,Open_Ssid_Detach_Rate,twag-tps_open-ssid-detach-rate,twag-tps
DC_E_WMG_TWAG_STATS,Secure_Ssid_Attach_Rate,twag-tps_secure-ssid-attach-rate,twag-tps
DC_E_WMG_TWAG_STATS,Secure_Ssid_Detach_Rate,twag-tps_secure-ssid-detach-rate,twag-tps
DC_E_WMG_DNS_GENERAL,DNS_Queries_Retransmitted,dns-queries-retransmitted,dns-general
DC_E_WMG_DNS_GENERAL,DNS_Queries_Sent,dns-queries-sent,dns-general
DC_E_WMG_DNS_GENERAL,DNS_Replies_Discarded,dns-replies-discarded,dns-general
DC_E_WMG_DNS_GENERAL,DNS_Replies_Failure,dns-reply-failure,dns-general
DC_E_WMG_DNS_GENERAL,DNS_Replies_Rcvd,dns-replies-rcvd,dns-general
DC_E_WMG_DNS_GENERAL,DNS_Reply_Success,dns-reply-success,dns-general
DC_E_WMG_DNS_GENERAL,Failed_PGW_Selections_By_DNS_Query,failed-pgw-selections-by-dns-query,dns-general
DC_E_WMG_DNS_GENERAL,No_Matched_PGW_IP_Address_for_DNS_Sort_List,no-matched-pgw-ip-address-for-dns-sort-list,dns-general
DC_E_WMG_DNS_GENERAL,No_PGW_IP_Address_Configured_for_DNS_Sort_List,no-pgw-ip-address-configured-for-dns-sort-list,dns-general
DC_E_WMG_DNS_GENERAL,PGW_Selections_By_AAA,pgw-selections-by-aaa,dns-general
DC_E_WMG_DNS_GENERAL,PGW_Selections_By_Local_APN,pgw-selections-by-local-apn,dns-general
DC_E_WMG_DNS_GENERAL,PGW_Selections_from_Cache,pgw-selections-from-cache,dns-general
DC_E_WMG_DNS_GENERAL,Successful_PGW_Selections_By_DNS_Query,successful-pgw-selections-by-dns-query,dns-general
DC_E_WMG_DNS_GENERAL,Total_PGW_Selections_By_DNS_Query,total-pgw-selections-by-dns-query,dns-general
DC_E_WMG_DNS_GENERAL,Successful_Non_Comb_Only_Pgw_Selections_5gsiwk_By_Dns_Query,successful-non-comb-only-pgw-selections-5gsiwk-by-dns-query,dns-general
DC_E_WMG_DNS_GENERAL,Successful_Non_Combined_Pgw_Selections_Epc_By_Dns_Query,successful-non-combined-pgw-selections-epc-by-dns-query,dns-general
DC_E_WMG_DNS_GENERAL,Successful_Combined_Pgw_Selections_5gsiwk_By_Dns_Query,successful-combined-pgw-selections-5gsiwk-by-dns-query,dns-general
DC_E_WMG_DNS_GENERAL,Successful_Combined_Only_Pgw_Selections_Epc_By_Dns_Query,successful-combined-only-pgw-selections-epc-by-dns-query,dns-general
DC_E_WMG_DNS_GENERAL,Pgw_Selections_Epc_By_Aaa_Pgw_Ip_Addr,pgw-selections-epc-by-aaa-pgw-ip-addr,dns-general
DC_E_WMG_DNS_GENERAL,Pgw_selections_by_static_emerg_pgw_ho_lte_epc_ip_addr,pgw-selections-by-static-emerg-pgw-ho-lte-epc-ip-addr,dns-general
DC_E_WMG_DNS_GENERAL,Pgw_selections_by_static_emerg_pgw_fallback_ip_addr,pgw-selections-by-static-emerg-pgw-fallback-ip-addr,dns-general
DC_E_WMG_DNS_GENERAL,Pgw_Selections_5gsiwk_By_Aaa_Pgw_Ip_Addr,pgw-selections-5gsiwk-by-aaa-pgw-ip-addr,dns-general
DC_E_WMG_DNS_GENERAL,Non_Combined_Pgw_Selections_Epc_From_Cache,non-combined-pgw-selections-epc-from-cache,dns-general
DC_E_WMG_DNS_GENERAL,Non_Combined_Pgw_Selections_Epc_By_Local_Apn,non-combined-pgw-selections-epc-by-local-apn,dns-general
DC_E_WMG_DNS_GENERAL,Non_Combined_Only_Pgw_Selections_5gsiwk_From_Cache,non-combined-only-pgw-selections-5gsiwk-from-cache,dns-general
DC_E_WMG_DNS_GENERAL,Non_Combined_Only_Pgw_Selections_5gsiwk_By_Local_Apn,non-combined-only-pgw-selections-5gsiwk-by-local-apn,dns-general
DC_E_WMG_DNS_GENERAL,Failed_pgw_selections_epc_by_dns_query,failed-pgw-selections-epc-by-dns-query,dns-general
DC_E_WMG_DNS_GENERAL,Failed_Pgw_Selections_5gsiwk_By_Dns_Query,failed-pgw-selections-5gsiwk-by-dns-query,dns-general
DC_E_WMG_DNS_GENERAL,Combined_Pgw_Selections_5gsiwk_From_Cache,combined-pgw-selections-5gsiwk-from-cache,dns-general
DC_E_WMG_DNS_GENERAL,Combined_Pgw_Selections_5gsiwk_By_Local_Apn,combined-pgw-selections-5gsiwk-by-local-apn,dns-general
DC_E_WMG_DNS_GENERAL,Combined_Only_Pgw_Selections_Epc_From_Cache,combined-only-pgw-selections-epc-from-cache,dns-general
DC_E_WMG_DNS_GENERAL,Combined_Only_Pgw_Selections_Epc_By_Local_Apn,combined-only-pgw-selections-epc-by-local-apn,dns-general
DC_E_WMG_DNS_GENERAL,local_pgw_by_imsi,local-pgw-by-imsi,dns-general
DC_E_WMG_DNS_GENERAL,local_pgw_by_pgwid_fqdn,local-pgw-by-pgwid-fqdn,dns-general
DC_E_WMG_DNS_GENERAL,nomatch_non_uut_non_combined_pgw_epc_from_cache,nomatch-non-uut-non-combined-pgw-epc-from-cache,dns-general
DC_E_WMG_DNS_GENERAL,successful_nomatch_non_uut_non_comb_pgw_5gsiwk_by_dns_query,successful-nomatch-non-uut-non-comb-pgw-5gsiwk-by-dns-query,dns-general
DC_E_WMG_DNS_GENERAL,nomatch_non_uut_combined_pgw_epc_from_cache,nomatch-non-uut-combined-pgw-epc-from-cache,dns-general
DC_E_WMG_DNS_GENERAL,matched_uut_combined_pgw_5gsiwk_from_cache,matched-uut-combined-pgw-5gsiwk-from-cache,dns-general
DC_E_WMG_DNS_GENERAL,successful_matched_uut_non_comb_pgw_5gsiwk_by_dns_query,successful-matched-uut-non-comb-pgw-5gsiwk-by-dns-query,dns-general
DC_E_WMG_DNS_GENERAL,successful_nomatch_non_uut_combined_pgw_epc_by_dns_query,successful-nomatch-non-uut-combined-pgw-epc-by-dns-query,dns-general
DC_E_WMG_DNS_GENERAL,successful_matched_uut_combined_pgw_5gsiwk_by_dns_query,successful-matched-uut-combined-pgw-5gsiwk-by-dns-query,dns-general
DC_E_WMG_DNS_GENERAL,matched_uut_non_combined_pgw_5gsiwk_from_cache,matched-uut-non-combined-pgw-5gsiwk-from-cache,dns-general
DC_E_WMG_DNS_GENERAL,successful_nomatch_non_uut_combined_pgw_5gsiwk_by_dns_query,successful-nomatch-non-uut-combined-pgw-5gsiwk-by-dns-query,dns-general
DC_E_WMG_DNS_GENERAL,nomatch_non_uut_non_combined_pgw_5gsiwk_from_cache,nomatch-non-uut-non-combined-pgw-5gsiwk-from-cache,dns-general
DC_E_WMG_DNS_GENERAL,nomatch_non_uut_combined_pgw_5gsiwk_from_cache,nomatch-non-uut-combined-pgw-5gsiwk-from-cache,dns-general
DC_E_WMG_DNS_GENERAL,mismatch_uut_combined_pgw_5gsiwk_from_cache,mismatch-uut-combined-pgw-5gsiwk-from-cache,dns-general
DC_E_WMG_DNS_GENERAL,successful_nomatch_non_uut_non_combined_pgw_epc_by_dns_query,successful-nomatch-non-uut-non-combined-pgw-epc-by-dns-query,dns-general
DC_E_WMG_DNS_GENERAL,successful_matched_uut_non_combined_pgw_epc_by_dns_query,successful-matched-uut-non-combined-pgw-epc-by-dns-query,dns-general
DC_E_WMG_DNS_GENERAL,failure_mismatch_uut_combined_pgw_epc_by_dns_query,failure-mismatch-uut-combined-pgw-epc-by-dns-query,dns-general
DC_E_WMG_DNS_GENERAL,failure_mismatch_uut_non_combined_pgw_epc_by_dns_query,failure-mismatch-uut-non-combined-pgw-epc-by-dns-query,dns-general
DC_E_WMG_DNS_GENERAL,mismatch_uut_non_combined_pgw_5gsiwk_from_cache,mismatch-uut-non-combined-pgw-5gsiwk-from-cache,dns-general
DC_E_WMG_DNS_GENERAL,matched_uut_non_combined_pgw_epc_from_cache,matched-uut-non-combined-pgw-epc-from-cache,dns-general
DC_E_WMG_DNS_GENERAL,successful_matched_uut_combined_pgw_epc_by_dns_query,successful-matched-uut-combined-pgw-epc-by-dns-query,dns-general
DC_E_WMG_DNS_GENERAL,mismatch_uut_combined_pgw_epc_from_cache,mismatch-uut-combined-pgw-epc-from-cache,dns-general
DC_E_WMG_DNS_GENERAL,matched_uut_combined_pgw_epc_from_cache,matched-uut-combined-pgw-epc-from-cache,dns-general
DC_E_WMG_DNS_GENERAL,failure_mismatch_uut_combined_pgw_5gsiwk_by_dns_query,failure-mismatch-uut-combined-pgw-5gsiwk-by-dns-query,dns-general
DC_E_WMG_DNS_GENERAL,failure_mismatch_uut_non_comb_pgw_5gsiwk_by_dns_query,failure-mismatch-uut-non-comb-pgw-5gsiwk-by-dns-query,dns-general
DC_E_WMG_DNS_GENERAL,mismatch_uut_non_combined_pgw_epc_from_cache,mismatch-uut-non-combined-pgw-epc-from-cache,dns-general
DC_E_WMG_DNS_GENERAL,fail_mismatch_uut_comb_pgw_iwk_5gs_non_5gc_nas_dns_query,fail-mismatch-uut-comb-pgw-iwk-5gs-non-5gc-nas-dns-query,dns-general
DC_E_WMG_DNS_GENERAL,nomatch_non_uut_comb_pgw_iwk_5gs_non_5gc_nas_from_cache,nomatch-non-uut-comb-pgw-iwk-5gs-non-5gc-nas-from-cache,dns-general
DC_E_WMG_DNS_GENERAL,non_comb_only_pgw_iwk_5gs_non_5gc_nas_from_cache,non-comb-only-pgw-iwk-5gs-non-5gc-nas-from-cache,dns-general
DC_E_WMG_DNS_GENERAL,non_comb_only_pgw_iwk_5gs_non_5gc_nas_by_local_apn,non-comb-only-pgw-iwk-5gs-non-5gc-nas-by-local-apn,dns-general
DC_E_WMG_DNS_GENERAL,mismatch_uut_comb_pgw_iwk_5gs_non_5gc_nas_from_cache,mismatch-uut-comb-pgw-iwk-5gs-non-5gc-nas-from-cache,dns-general
DC_E_WMG_DNS_GENERAL,comb_pgw_iwk_5gs_non_5gc_nas_by_local_apn,comb-pgw-iwk-5gs-non-5gc-nas-by-local-apn,dns-general
DC_E_WMG_DNS_GENERAL,nomatch_non_uut_non_comb_pgw_iwk_5gs_non_5gc_nas_from_cache,nomatch-non-uut-non-comb-pgw-iwk-5gs-non-5gc-nas-from-cache,dns-general
DC_E_WMG_DNS_GENERAL,mismatch_uut_non_comb_pgw_iwk_5gs_non_5gc_nas_from_cache,mismatch-uut-non-comb-pgw-iwk-5gs-non-5gc-nas-from-cache,dns-general
DC_E_WMG_DNS_GENERAL,matched_uut_non_comb_pgw_iwk_5gs_non_5gc_nas_from_cache,matched-uut-non-comb-pgw-iwk-5gs-non-5gc-nas-from-cache,dns-general
DC_E_WMG_DNS_GENERAL,succ_nomatch_non_uut_non_comb_pgw_iwk_5gs_non_5gc_nas_dns_query,succ-nomatch-non-uut-non-comb-pgw-iwk-5gs-non-5gc-nas-dns-query,dns-general
DC_E_WMG_DNS_GENERAL,pgw_iwk_5gs_non_5gc_nas_by_aaa_pgw_ip_addr,pgw-iwk-5gs-non-5gc-nas-by-aaa-pgw-ip-addr,dns-general
DC_E_WMG_DNS_GENERAL,failed_pgw_iwk_5gs_non_5gc_nas_dns_query,failed-pgw-iwk-5gs-non-5gc-nas-dns-query,dns-general
DC_E_WMG_DNS_GENERAL,matched_uut_comb_pgw_iwk_5gs_non_5gc_nas_from_cache,matched-uut-comb-pgw-iwk-5gs-non-5gc-nas-from-cache,dns-general
DC_E_WMG_DNS_GENERAL,fail_mismatch_uut_non_comb_pgw_iwk_5gs_non_5gc_nas_dns_query,fail-mismatch-uut-non-comb-pgw-iwk-5gs-non-5gc-nas-dns-query,dns-general
DC_E_WMG_DNS_GENERAL,comb_pgw_iwk_5gs_non_5gc_nas_from_cache,comb-pgw-iwk-5gs-non-5gc-nas-from-cache,dns-general
DC_E_WMG_DNS_GENERAL,succ_comb_pgw_iwk_5gs_non_5gc_nas_dns_query,succ-comb-pgw-iwk-5gs-non-5gc-nas-dns-query,dns-general
DC_E_WMG_DNS_GENERAL,succ_matched_uut_non_comb_pgw_iwk_5gs_non_5gc_nas_dns_query,succ-matched-uut-non-comb-pgw-iwk-5gs-non-5gc-nas-dns-query,dns-general
DC_E_WMG_DNS_GENERAL,succ_non_comb_only_pgw_iwk_5gs_non_5gc_nas_dns_query,succ-non-comb-only-pgw-iwk-5gs-non-5gc-nas-dns-query,dns-general
DC_E_WMG_DNS_GENERAL,succ_nomatch_non_uut_comb_pgw_iwk_5gs_non_5gc_nas_dns_query,succ-nomatch-non-uut-comb-pgw-iwk-5gs-non-5gc-nas-dns-query,dns-general
DC_E_WMG_DNS_GENERAL,succ_matched_uut_comb_pgw_iwk_5gs_non_5gc_nas_dns_query,succ-matched-uut-comb-pgw-iwk-5gs-non-5gc-nas-dns-query,dns-general
DC_E_WMG_DNS_GENERAL,Response_Code_0_Success,response-code0-success,dns-response_code
DC_E_WMG_DNS_GENERAL,Response_Code_1_Format_Error,response-code1-format-error,dns-response_code
DC_E_WMG_DNS_GENERAL,Response_Code_10_Name_Not_In_Zone,response-code10-name-not-in-zone,dns-response_code
DC_E_WMG_DNS_GENERAL,Response_Code_2_Server_Failure,response-code2-server-failure,dns-response_code
DC_E_WMG_DNS_GENERAL,Response_Code_3_Name_Error,response-code3-name-error,dns-response_code
DC_E_WMG_DNS_GENERAL,Response_Code_4_Not_Implemented,response-code4-not-implemented,dns-response_code
DC_E_WMG_DNS_GENERAL,Response_Code_5_Refused,response-code5-refused,dns-response_code
DC_E_WMG_DNS_GENERAL,Response_Code_6_Domain_Name_Should_Not_Exist,response-code6-domain-name-should-not-exist,dns-response_code
DC_E_WMG_DNS_GENERAL,Response_Code_7_RR_Set_Should_Not_Exist,response-code7-rr-set-should-not-exist,dns-response_code
DC_E_WMG_DNS_GENERAL,Response_Code_8_RR_Set_Does_Not_Exist,response-code8-rr-set-does-not-exist,dns-response_code
DC_E_WMG_DNS_GENERAL,Response_Code_9_Not_Authoritative_For_Zone,response-code9-not-authoritative-for-zone,dns-response_code
DC_E_WMG_DNS_GENERAL,Response_Code_Other,response-code-other,dns-response_code
DC_E_WMG_AAA_RADIUS_GENERAL,Client_Access_Accept_Discarded,client-access-accept-discarded,radiusserver-statisticsperradiusserver
DC_E_WMG_AAA_RADIUS_GENERAL,Client_Access_Accept_Rcvd,client-access-accept-rcvd,radiusserver-statisticsperradiusserver
DC_E_WMG_AAA_RADIUS_GENERAL,Client_Access_Reject_Rcvd,client-access-reject-rcvd,radiusserver-statisticsperradiusserver
DC_E_WMG_AAA_RADIUS_GENERAL,Client_Access_Request_Not_Responded,client-access-request-not-responded,radiusserver-statisticsperradiusserver
DC_E_WMG_AAA_RADIUS_GENERAL,Client_Access_Request_Sent,client-access-request-sent,radiusserver-statisticsperradiusserver
DC_E_WMG_AAA_RADIUS_GENERAL,Client_CoA_ACK_Sent,client-coa-ack-sent,radiusserver-statisticsperradiusserver
DC_E_WMG_AAA_RADIUS_GENERAL,Client_Disconnect_ACK_Sent,client-disconnect-ack-sent,radiusserver-statisticsperradiusserver
DC_E_WMG_AAA_RADIUS_GENERAL,Proxy_Access_Accept_Discarded,proxy-access-accept-discarded,radiusserver-statisticsperradiusserver
DC_E_WMG_AAA_RADIUS_GENERAL,Proxy_Access_Accept_Forwarded,proxy-access-accept-forwarded,radiusserver-statisticsperradiusserver
DC_E_WMG_AAA_RADIUS_GENERAL,Proxy_Access_Accept_Rcvd,proxy-access-accept-rcvd,radiusserver-statisticsperradiusserver
DC_E_WMG_AAA_RADIUS_GENERAL,Proxy_Access_Challenge_Discarded,proxy-access-challenge-discarded,radiusserver-statisticsperradiusserver
DC_E_WMG_AAA_RADIUS_GENERAL,Proxy_Access_Challenge_Forwarded,proxy-access-challenge-forwarded,radiusserver-statisticsperradiusserver
DC_E_WMG_AAA_RADIUS_GENERAL,Proxy_Access_Challenge_Rcvd,proxy-access-challenge-rcvd,radiusserver-statisticsperradiusserver
DC_E_WMG_AAA_RADIUS_GENERAL,Proxy_Access_Reject_Discarded,proxy-access-reject-discarded,radiusserver-statisticsperradiusserver
DC_E_WMG_AAA_RADIUS_GENERAL,Proxy_Access_Reject_Forwarded,proxy-access-reject-forwarded,radiusserver-statisticsperradiusserver
DC_E_WMG_AAA_RADIUS_GENERAL,Proxy_Access_Reject_Rcvd,proxy-access-reject-rcvd,radiusserver-statisticsperradiusserver
DC_E_WMG_AAA_RADIUS_GENERAL,Proxy_Access_Reject_Sent,proxy-access-reject-sent,radiusserver-statisticsperradiusserver
DC_E_WMG_AAA_RADIUS_GENERAL,Proxy_Access_Request_Discarded,proxy-access-request-discarded,radiusserver-statisticsperradiusserver
DC_E_WMG_AAA_RADIUS_GENERAL,Proxy_Access_Request_Forwarded,proxy-access-request-forwarded,radiusserver-statisticsperradiusserver
DC_E_WMG_AAA_RADIUS_GENERAL,Proxy_Access_Request_Not_Responded,proxy-access-request-not-responded,radiusserver-statisticsperradiusserver
DC_E_WMG_AAA_RADIUS_GENERAL,Proxy_Access_Request_Rcvd,proxy-access-request-rcvd,radiusserver-statisticsperradiusserver
DC_E_WMG_AAA_RADIUS_GENERAL,Proxy_CoA_ACK_Discarded,proxy-coa-ack-discarded,radiusserver-statisticsperradiusserver
DC_E_WMG_AAA_RADIUS_GENERAL,Proxy_CoA_ACK_Forwarded,proxy-coa-ack-forwarded,radiusserver-statisticsperradiusserver
DC_E_WMG_AAA_RADIUS_GENERAL,Proxy_CoA_ACK_Rcvd,proxy-coa-ack-rcvd,radiusserver-statisticsperradiusserver
DC_E_WMG_AAA_RADIUS_GENERAL,Proxy_CoA_NAK_Discarded,proxy-coa-nak-discarded,radiusserver-statisticsperradiusserver
DC_E_WMG_AAA_RADIUS_GENERAL,Proxy_CoA_NAK_Forwarded,proxy-coa-nak-forwarded,radiusserver-statisticsperradiusserver
DC_E_WMG_AAA_RADIUS_GENERAL,Proxy_CoA_NAK_Rcvd,proxy-coa-nak-rcvd,radiusserver-statisticsperradiusserver
DC_E_WMG_AAA_RADIUS_GENERAL,Proxy_CoA_Request_Forwarded,proxy-coa-request-forwarded,radiusserver-statisticsperradiusserver
DC_E_WMG_AAA_RADIUS_GENERAL,Proxy_CoA_Request_Not_Responded,proxy-coa-request-not-responded,radiusserver-statisticsperradiusserver
DC_E_WMG_AAA_RADIUS_GENERAL,Proxy_Disconnect_ACK_Discarded,proxy-disconnect-ack-discarded,radiusserver-statisticsperradiusserver
DC_E_WMG_AAA_RADIUS_GENERAL,Proxy_Disconnect_ACK_Forwarded,proxy-disconnect-ack-forwarded,radiusserver-statisticsperradiusserver
DC_E_WMG_AAA_RADIUS_GENERAL,Proxy_Disconnect_ACK_Rcvd,proxy-disconnect-ack-rcvd,radiusserver-statisticsperradiusserver
DC_E_WMG_AAA_RADIUS_GENERAL,Proxy_Disconnect_NAK_Discarded,proxy-disconnect-nak-discarded,radiusserver-statisticsperradiusserver
DC_E_WMG_AAA_RADIUS_GENERAL,Proxy_Disconnect_NAK_Forwarded,proxy-disconnect-nak-forwarded,radiusserver-statisticsperradiusserver
DC_E_WMG_AAA_RADIUS_GENERAL,Proxy_Disconnect_NAK_Rcvd,proxy-disconnect-nak-rcvd,radiusserver-statisticsperradiusserver
DC_E_WMG_AAA_RADIUS_GENERAL,Proxy_Disconnect_Request_Forwarded,proxy-disconnect-request-forwarded,radiusserver-statisticsperradiusserver
DC_E_WMG_AAA_RADIUS_GENERAL,Proxy_Disconnect_Request_Not_Responded,proxy-disconnect-request-not-responded,radiusserver-statisticsperradiusserver
DC_E_WMG_AAA_RADIUS_GENERAL,Client_Access_Accept_Discarded,Client Access Accept Discarded,"AaaInterface,statisticsPerRadiusServer"
DC_E_WMG_AAA_RADIUS_GENERAL,Client_Access_Accept_Rcvd,Client Access Accept Rcvd,"AaaInterface,statisticsPerRadiusServer"
DC_E_WMG_AAA_RADIUS_GENERAL,Client_Access_Reject_Rcvd,Client Access Reject Rcvd,"AaaInterface,statisticsPerRadiusServer"
DC_E_WMG_AAA_RADIUS_GENERAL,Client_Access_Request_Not_Responded,Client Access Request Not Responded,"AaaInterface,statisticsPerRadiusServer"
DC_E_WMG_AAA_RADIUS_GENERAL,Client_Access_Request_Sent,Client Access Request Sent,"AaaInterface,statisticsPerRadiusServer"
DC_E_WMG_AAA_RADIUS_GENERAL,Client_CoA_ACK_Sent,Client CoA ACK Sent,"AaaInterface,statisticsPerRadiusServer"
DC_E_WMG_AAA_RADIUS_GENERAL,Client_Disconnect_ACK_Sent,Client Disconnect ACK Sent,"AaaInterface,statisticsPerRadiusServer"
DC_E_WMG_AAA_RADIUS_GENERAL,Proxy_Access_Accept_Discarded,Proxy Access Accept Discarded,"AaaInterface,statisticsPerRadiusServer"
DC_E_WMG_AAA_RADIUS_GENERAL,Proxy_Access_Accept_Forwarded,Proxy Access Accept Forwarded,"AaaInterface,statisticsPerRadiusServer"
DC_E_WMG_AAA_RADIUS_GENERAL,Proxy_Access_Accept_Rcvd,Proxy Access Accept Rcvd,"AaaInterface,statisticsPerRadiusServer"
DC_E_WMG_AAA_RADIUS_GENERAL,Proxy_Access_Challenge_Discarded,Proxy Access Challenge Discarded,"AaaInterface,statisticsPerRadiusServer"
DC_E_WMG_AAA_RADIUS_GENERAL,Proxy_Access_Challenge_Forwarded,Proxy Access Challenge Forwarded,"AaaInterface,statisticsPerRadiusServer"
DC_E_WMG_AAA_RADIUS_GENERAL,Proxy_Access_Challenge_Rcvd,Proxy Access Challenge Rcvd,"AaaInterface,statisticsPerRadiusServer"
DC_E_WMG_AAA_RADIUS_GENERAL,Proxy_Access_Reject_Discarded,Proxy Access Reject Discarded,"AaaInterface,statisticsPerRadiusServer"
DC_E_WMG_AAA_RADIUS_GENERAL,Proxy_Access_Reject_Forwarded,Proxy Access Reject Forwarded,"AaaInterface,statisticsPerRadiusServer"
DC_E_WMG_AAA_RADIUS_GENERAL,Proxy_Access_Reject_Rcvd,Proxy Access Reject Rcvd,"AaaInterface,statisticsPerRadiusServer"
DC_E_WMG_AAA_RADIUS_GENERAL,Proxy_Access_Reject_Sent,Proxy Access Reject Sent,"AaaInterface,statisticsPerRadiusServer"
DC_E_WMG_AAA_RADIUS_GENERAL,Proxy_Access_Request_Discarded,Proxy Access Request Discarded,"AaaInterface,statisticsPerRadiusServer"
DC_E_WMG_AAA_RADIUS_GENERAL,Proxy_Access_Request_Forwarded,Proxy Access Request Forwarded,"AaaInterface,statisticsPerRadiusServer"
DC_E_WMG_AAA_RADIUS_GENERAL,Proxy_Access_Request_Not_Responded,Proxy Access Request Not Responded,"AaaInterface,statisticsPerRadiusServer"
DC_E_WMG_AAA_RADIUS_GENERAL,Proxy_Access_Request_Rcvd,Proxy Access Request Rcvd,"AaaInterface,statisticsPerRadiusServer"
DC_E_WMG_AAA_RADIUS_GENERAL,Proxy_CoA_ACK_Discarded,Proxy CoA ACK Discarded,"AaaInterface,statisticsPerRadiusServer"
DC_E_WMG_AAA_RADIUS_GENERAL,Proxy_CoA_ACK_Forwarded,Proxy CoA ACK Forwarded,"AaaInterface,statisticsPerRadiusServer"
DC_E_WMG_AAA_RADIUS_GENERAL,Proxy_CoA_ACK_Rcvd,Proxy CoA ACK Rcvd,"AaaInterface,statisticsPerRadiusServer"
DC_E_WMG_AAA_RADIUS_GENERAL,Proxy_CoA_NAK_Discarded,Proxy CoA NAK Discarded,"AaaInterface,statisticsPerRadiusServer"
DC_E_WMG_AAA_RADIUS_GENERAL,Proxy_CoA_NAK_Forwarded,Proxy CoA NAK Forwarded,"AaaInterface,statisticsPerRadiusServer"
DC_E_WMG_AAA_RADIUS_GENERAL,Proxy_CoA_NAK_Rcvd,Proxy CoA NAK Rcvd,"AaaInterface,statisticsPerRadiusServer"
DC_E_WMG_AAA_RADIUS_GENERAL,Proxy_CoA_Request_Forwarded,Proxy CoA Request Forwarded,"AaaInterface,statisticsPerRadiusServer"
DC_E_WMG_AAA_RADIUS_GENERAL,Proxy_CoA_Request_Not_Responded,Proxy CoA Request Not Responded,"AaaInterface,statisticsPerRadiusServer"
DC_E_WMG_AAA_RADIUS_GENERAL,Proxy_Disconnect_ACK_Discarded,Proxy Disconnect ACK Discarded,"AaaInterface,statisticsPerRadiusServer"
DC_E_WMG_AAA_RADIUS_GENERAL,Proxy_Disconnect_ACK_Forwarded,Proxy Disconnect ACK Forwarded,"AaaInterface,statisticsPerRadiusServer"
DC_E_WMG_AAA_RADIUS_GENERAL,Proxy_Disconnect_ACK_Rcvd,Proxy Disconnect ACK Rcvd,"AaaInterface,statisticsPerRadiusServer"
DC_E_WMG_AAA_RADIUS_GENERAL,Proxy_Disconnect_NAK_Discarded,Proxy Disconnect NAK Discarded,"AaaInterface,statisticsPerRadiusServer"
DC_E_WMG_AAA_RADIUS_GENERAL,Proxy_Disconnect_NAK_Forwarded,Proxy Disconnect NAK Forwarded,"AaaInterface,statisticsPerRadiusServer"
DC_E_WMG_AAA_RADIUS_GENERAL,Proxy_Disconnect_NAK_Rcvd,Proxy Disconnect NAK Rcvd,"AaaInterface,statisticsPerRadiusServer"
DC_E_WMG_AAA_RADIUS_GENERAL,Proxy_Disconnect_Request_Forwarded,Proxy Disconnect Request Forwarded,"AaaInterface,statisticsPerRadiusServer"
DC_E_WMG_AAA_RADIUS_GENERAL,Proxy_Disconnect_Request_Not_Responded,Proxy Disconnect Request Not Responded,"AaaInterface,statisticsPerRadiusServer"
DC_E_WMG_DNS_GENERAL,DNS_Queries_Retransmitted,DNS Queries Retransmitted,"Dns,General"
DC_E_WMG_DNS_GENERAL,DNS_Queries_Sent,DNS Queries Sent,"Dns,General"
DC_E_WMG_DNS_GENERAL,DNS_Replies_Discarded,DNS Replies Discarded,"Dns,General"
DC_E_WMG_DNS_GENERAL,DNS_Replies_Failure,DNS Reply Failure,"Dns,General"
DC_E_WMG_DNS_GENERAL,DNS_Replies_Rcvd,DNS Replies Rcvd,"Dns,General"
DC_E_WMG_DNS_GENERAL,DNS_Reply_Success,DNS Reply Success,"Dns,General"
DC_E_WMG_DNS_GENERAL,Successful_PGW_Selections_By_DNS_Query,Successful PGW Selections by DNS Query,"Dns,General"
DC_E_WMG_DNS_GENERAL,Total_PGW_Selections_By_DNS_Query,Total PGW Selections by DNS Query,"Dns,General"
DC_E_WMG_DNS_GENERAL,Failed_PGW_Selections_By_DNS_Query,Failed  PGW Selections by DNS Query,"Dns,General"
DC_E_WMG_DNS_GENERAL,No_Matched_PGW_IP_Address_for_DNS_Sort_List,No Matched PGW IP Address for DNS Sort List,"Dns,General"
DC_E_WMG_DNS_GENERAL,No_PGW_IP_Address_Configured_for_DNS_Sort_List,No PGW IP Address Configured for DNS Sort List,"Dns,General"
DC_E_WMG_DNS_GENERAL,PGW_Selections_By_AAA,PGW Selections by AAA,"Dns,General"
DC_E_WMG_DNS_GENERAL,PGW_Selections_By_Local_APN,PGW Selections by Local APN,"Dns,General"
DC_E_WMG_DNS_GENERAL,PGW_Selections_from_Cache,PGW Selections from Cache,"Dns,General"
DC_E_WMG_DNS_GENERAL,Response_Code_0_Success,Response Code 0 (Success),"Dns,Response_Code"
DC_E_WMG_DNS_GENERAL,Response_Code_1_Format_Error,Response Code 1 (Format Error),"Dns,Response_Code"
DC_E_WMG_DNS_GENERAL,Response_Code_10_Name_Not_In_Zone,Response Code 10 (Name Not In Zone),"Dns,Response_Code"
DC_E_WMG_DNS_GENERAL,Response_Code_2_Server_Failure,Response Code 2 (Server Failure),"Dns,Response_Code"
DC_E_WMG_DNS_GENERAL,Response_Code_3_Name_Error,Response Code 3 (Name Error),"Dns,Response_Code"
DC_E_WMG_DNS_GENERAL,Response_Code_4_Not_Implemented,Response Code 4 (Not Implemented),"Dns,Response_Code"
DC_E_WMG_DNS_GENERAL,Response_Code_5_Refused,Response Code 5 (Refused),"Dns,Response_Code"
DC_E_WMG_DNS_GENERAL,Response_Code_6_Domain_Name_Should_Not_Exist,Response Code 6 (Domain Name Should Not Exist),"Dns,Response_Code"
DC_E_WMG_DNS_GENERAL,Response_Code_7_RR_Set_Should_Not_Exist,Response Code 7 (RR Set Should Not Exist),"Dns,Response_Code"
DC_E_WMG_DNS_GENERAL,Response_Code_8_RR_Set_Does_Not_Exist,Response Code 8 (RR Set Does Not Exist),"Dns,Response_Code"
DC_E_WMG_DNS_GENERAL,Response_Code_9_Not_Authoritative_For_Zone,Response Code 9 (Not Authoritative For Zone),"Dns,Response_Code"
DC_E_WMG_DNS_GENERAL,Response_Code_Other,Response Code Other,"Dns,Response_Code"
DC_E_WMG_DNS_GENERAL,Response_Code_0_Success,Response Code 0 (Success),"Dns,ResponseCode"
DC_E_WMG_DNS_GENERAL,Response_Code_1_Format_Error,Response Code 1 (Format Error),"Dns,ResponseCode"
DC_E_WMG_DNS_GENERAL,Response_Code_10_Name_Not_In_Zone,Response Code 10 (Name Not In Zone),"Dns,ResponseCode"
DC_E_WMG_DNS_GENERAL,Response_Code_2_Server_Failure,Response Code 2 (Server Failure),"Dns,ResponseCode"
DC_E_WMG_DNS_GENERAL,Response_Code_3_Name_Error,Response Code 3 (Name Error),"Dns,ResponseCode"
DC_E_WMG_DNS_GENERAL,Response_Code_4_Not_Implemented,Response Code 4 (Not Implemented),"Dns,ResponseCode"
DC_E_WMG_DNS_GENERAL,Response_Code_5_Refused,Response Code 5 (Refused),"Dns,ResponseCode"
DC_E_WMG_DNS_GENERAL,Response_Code_6_Domain_Name_Should_Not_Exist,Response Code 6 (Domain Name Should Not Exist),"Dns,ResponseCode"
DC_E_WMG_DNS_GENERAL,Response_Code_7_RR_Set_Should_Not_Exist,Response Code 7 (RR Set Should Not Exist),"Dns,ResponseCode"
DC_E_WMG_DNS_GENERAL,Response_Code_8_RR_Set_Does_Not_Exist,Response Code 8 (RR Set Does Not Exist),"Dns,ResponseCode"
DC_E_WMG_DNS_GENERAL,Response_Code_9_Not_Authoritative_For_Zone,Response Code 9 (Not Authoritative For Zone),"Dns,ResponseCode"
DC_E_WMG_DNS_GENERAL,Response_Code_Other,Response Code Other,"Dns,ResponseCode"
DC_E_WMG_SC_HANDOFF_CALL_STATS,Failed_Handoff_Calls,Failed Handoff Calls,"Sc,Handoff_Call"
DC_E_WMG_SC_HANDOFF_CALL_STATS,Handoff_Calls_Attempted,Handoff Calls Attempted,"Sc,Handoff_Call"
DC_E_WMG_SC_HANDOFF_CALL_STATS,Successful_Handoff_Calls,Successful Handoff Calls,"Sc,Handoff_Call"
DC_E_WMG_SC_HANDOFF_CALL_STATS,Un_authorized_Handoff_Calls_Optimized,Un-authorized Handoff Calls Optimized,"Sc,Handoff_Call"
DC_E_WMG_SC_HANDOFF_CALL_STATS,Un_authorized_Handoff_Calls_Rejected,Un-authorized Handoff Calls Rejected,"Sc,Handoff_Call"
DC_E_WMG_SC_HANDOFF_CALL_STATS,Failed_Handoff_Calls,Failed Handoff Calls,"Sc,HandoffCall"
DC_E_WMG_SC_HANDOFF_CALL_STATS,Handoff_Calls_Attempted,Handoff Calls Attempted,"Sc,HandoffCall"
DC_E_WMG_SC_HANDOFF_CALL_STATS,Successful_Handoff_Calls,Successful Handoff Calls,"Sc,HandoffCall"
DC_E_WMG_SC_HANDOFF_CALL_STATS,Un_authorized_Handoff_Calls_Optimized,Un-authorized Handoff Calls Optimized,"Sc,HandoffCall"
DC_E_WMG_SC_HANDOFF_CALL_STATS,Un_authorized_Handoff_Calls_Rejected,Un-authorized Handoff Calls Rejected,"Sc,HandoffCall"
DC_E_WMG_TWAG_STATS,Open_SSID_Active_PDN_Connections,"Twag,Open_Ssid_Active PDN Connections","Twag,Open_Ssid"
DC_E_WMG_TWAG_STATS,Open_SSID_CoA_Process_Success,"Twag,Open_Ssid_CoA Process Success","Twag,Open_Ssid"
DC_E_WMG_TWAG_STATS,Open_SSID_DHCP_ACK_Sent,"Twag,Open_Ssid_DHCP ACK Sent","Twag,Open_Ssid"
DC_E_WMG_TWAG_STATS,Open_SSID_DHCP_Discover_Discarded,"Twag,Open_Ssid_DHCP Discover Discarded","Twag,Open_Ssid"
DC_E_WMG_TWAG_STATS,Open_SSID_DHCP_Discover_Rcvd,"Twag,Open_Ssid_DHCP Discover Rcvd","Twag,Open_Ssid"
DC_E_WMG_TWAG_STATS,Open_SSID_DHCP_NAK_Sent,"Twag,Open_Ssid_DHCP NAK Sent","Twag,Open_Ssid"
DC_E_WMG_TWAG_STATS,Open_SSID_DHCP_Offer_Sent,"Twag,Open_Ssid_DHCP Offer Sent","Twag,Open_Ssid"
DC_E_WMG_TWAG_STATS,Open_SSID_DHCP_Request_Discarded,"Twag,Open_Ssid_DHCP Request Discarded","Twag,Open_Ssid"
DC_E_WMG_TWAG_STATS,Open_SSID_DHCP_Request_Rcvd,"Twag,Open_Ssid_DHCP Request Rcvd","Twag,Open_Ssid"
DC_E_WMG_TWAG_STATS,Open_SSID_DHCP_Request_Timeout,"Twag,Open_Ssid_DHCP Request Timeout","Twag,Open_Ssid"
DC_E_WMG_TWAG_STATS,Open_SSID_DHCP_ULI_String_Error,"Twag,Open_Ssid_ULI String Error","Twag,Open_Ssid"
DC_E_WMG_TWAG_STATS,Open_SSID_Different_IP_Returned_by_PGW_in_CoA_Process,"Twag,Open_Ssid_Different IP Returned by PGW in CoA Process","Twag,Open_Ssid"
DC_E_WMG_TWAG_STATS,Open_SSID_Different_IP_Returned_by_PGW_in_Initial_Attach,"Twag,Open_Ssid_Different IP Returned by PGW in Initial Attach","Twag,Open_Ssid"
DC_E_WMG_TWAG_STATS,Open_SSID_Failed_Local_IP_Allocation,"Twag,Open_Ssid_Failed Local IP Allocation","Twag,Open_Ssid"
DC_E_WMG_TWAG_STATS,Open_SSID_Idle_Timer_Expiration,"Twag,Open_Ssid_Idle Timer Expiration","Twag,Open_Ssid"
DC_E_WMG_TWAG_STATS,Open_SSID_Successful_Local_IP_Allocation,"Twag,Open_Ssid_Successful Local IP Allocation","Twag,Open_Ssid"
DC_E_WMG_TWAG_STATS,Open_SSID_Total_PDN_Connections,"Twag,Open_Ssid_Total PDN Connections","Twag,Open_Ssid"
DC_E_WMG_TWAG_STATS,Secure_SSID_Active_PDN_Connections,"Twag,Secure_Ssid_Active PDN Connections","Twag,Secure_Ssid"
DC_E_WMG_TWAG_STATS,Secure_SSID_DHCP_ACK_Sent,"Twag,Secure_Ssid_DHCP ACK Sent","Twag,Secure_Ssid"
DC_E_WMG_TWAG_STATS,Secure_SSID_DHCP_Discover_Discarded,"Twag,Secure_Ssid_DHCP Discover Discarded","Twag,Secure_Ssid"
DC_E_WMG_TWAG_STATS,Secure_SSID_DHCP_Discover_Rcvd,"Twag,Secure_Ssid_DHCP Discover Rcvd","Twag,Secure_Ssid"
DC_E_WMG_TWAG_STATS,Secure_SSID_DHCP_NAK_Sent,"Twag,Secure_Ssid_DHCP NAK Sent","Twag,Secure_Ssid"
DC_E_WMG_TWAG_STATS,Secure_SSID_DHCP_Offer_Sent,"Twag,Secure_Ssid_DHCP Offer Sent","Twag,Secure_Ssid"
DC_E_WMG_TWAG_STATS,Secure_SSID_DHCP_Request_Discarded,"Twag,Secure_Ssid_DHCP Request Discarded","Twag,Secure_Ssid"
DC_E_WMG_TWAG_STATS,Secure_SSID_DHCP_Request_Rcvd,"Twag,Secure_Ssid_DHCP Request Rcvd","Twag,Secure_Ssid"
DC_E_WMG_TWAG_STATS,Secure_SSID_DHCP_Request_Timeout,"Twag,Secure_Ssid_DHCP Request Timeout","Twag,Secure_Ssid"
DC_E_WMG_TWAG_STATS,Secure_SSID_DHCP_ULI_String_Error,"Twag,Secure_Ssid_ULI String Error","Twag,Secure_Ssid"
DC_E_WMG_TWAG_STATS,Secure_SSID_Idle_Timer_Expiration,"Twag,Secure_Ssid_Idle Timer Expiration","Twag,Secure_Ssid"
DC_E_WMG_TWAG_STATS,Secure_SSID_Total_PDN_Connections,"Twag,Secure_Ssid_Total PDN Connections","Twag,Secure_Ssid"
DC_E_WMG_TWAG_STATS,DHCP_Discover_Discarded,"Twag,General_DHCP Discover Discarded","Twag,General"
DC_E_WMG_TWAG_STATS,DHCP_Discover_Discarded_Due_To_Secure_VLAN_ID,"Twag,General_DHCP Discover Discarded Due To Secure VLAN ID","Twag,General"
DC_E_WMG_TWAG_STATS,DHCP_NAK_Sent,"Twag,General_DHCP NAK Sent","Twag,General"
DC_E_WMG_TWAG_STATS,DHCP_Request_Discarded,"Twag,General_DHCP Request Discarded","Twag,General"
DC_E_WMG_TWAG_STATS,Secure_Trigger_Message_Rcvd_With_Open_VLAN_ID,"Twag,General_Secure Trigger Message Rcvd With Open VLAN ID","Twag,General"
DC_E_WMG_TWAG_STATS,VLAN_ID_Absent,"Twag,General_VLAN ID Absent","Twag,General"
DC_E_WMG_TWAG_STATS,VLAN_ID_Mismatched,"Twag,General_VLAN ID Mismatched","Twag,General"
DC_E_WMG_TWAG_STATS,Secure_Ssid_Kpi_AAA_Message_Error,"Twag,Secure_Ssid_Kpi_AAA Message Error","Twag,Secure_Ssid_Kpi"
DC_E_WMG_TWAG_STATS,Secure_Ssid_Kpi_AAA_Rejected,"Twag,Secure_Ssid_Kpi_AAA Rejected","Twag,Secure_Ssid_Kpi"
DC_E_WMG_TWAG_STATS,Secure_Ssid_Kpi_AAA_Response_Timeout,"Twag,Secure_Ssid_Kpi_AAA Response Timeout","Twag,Secure_Ssid_Kpi"
DC_E_WMG_TWAG_STATS,Secure_Ssid_Kpi_AP_Response_Timeout,"Twag,Secure_Ssid_Kpi_AP Response Timeout","Twag,Secure_Ssid_Kpi"
DC_E_WMG_TWAG_STATS,Secure_Ssid_Kpi_Connection_Establishment_Attempts,"Twag,Secure_Ssid_Kpi_Connection Establishment Attempts","Twag,Secure_Ssid_Kpi"
DC_E_WMG_TWAG_STATS,Secure_Ssid_Kpi_Connection_Establishment_Failure,"Twag,Secure_Ssid_Kpi_Connection Establishment Failure","Twag,Secure_Ssid_Kpi"
DC_E_WMG_TWAG_STATS,Secure_Ssid_Kpi_Connection_Establishment_Success,"Twag,Secure_Ssid_Kpi_Connection Establishment Success","Twag,Secure_Ssid_Kpi"
DC_E_WMG_TWAG_STATS,Secure_Ssid_Kpi_Connection_Establishment_Success_Rate,"Twag,Secure_Ssid_Kpi_Connection Establishment Success Rate %","Twag,Secure_Ssid_Kpi"
DC_E_WMG_TWAG_STATS,Secure_Ssid_Kpi_No_AAA_Server,"Twag,Secure_Ssid_Kpi_No AAA Server","Twag,Secure_Ssid_Kpi"
DC_E_WMG_TWAG_STATS,Secure_Ssid_Kpi_No_PGW_Selected,"Twag,Secure_Ssid_Kpi_No PGW Selected","Twag,Secure_Ssid_Kpi"
DC_E_WMG_TWAG_STATS,Secure_Ssid_Kpi_Other_Failure,"Twag,Secure_Ssid_Kpi_Other Failure","Twag,Secure_Ssid_Kpi"
DC_E_WMG_TWAG_STATS,Secure_Ssid_Kpi_PGW_Message_Error,"Twag,Secure_Ssid_Kpi_PGW Message Error","Twag,Secure_Ssid_Kpi"
DC_E_WMG_TWAG_STATS,Secure_Ssid_Kpi_PGW_Rejected,"Twag,Secure_Ssid_Kpi_PGW Rejected","Twag,Secure_Ssid_Kpi"
DC_E_WMG_TWAG_STATS,Secure_Ssid_Kpi_PGW_Response_Timeout,"Twag,Secure_Ssid_Kpi_PGW Response Timeout","Twag,Secure_Ssid_Kpi"
DC_E_WMG_TWAG_STATS,Secure_Ssid_Kpi_Subscription_Error,"Twag,Secure_Ssid_Kpi_Subscription Error","Twag,Secure_Ssid_Kpi"
DC_E_WMG_TWAG_STATS,Secure_Ssid_Kpi_UE_Response_Error,"Twag,Secure_Ssid_Kpi_UE Response Error","Twag,Secure_Ssid_Kpi"
DC_E_WMG_TWAG_STATS,Secure_Ssid_Kpi_UE_Response_Timeout,"Twag,Secure_Ssid_Kpi_UE Response Timeout","Twag,Secure_Ssid_Kpi"
DC_E_WMG_TWAG_STATS,Open_Ssid_Kpi_AAA_Message_Error,"Twag,Open_Ssid_Kpi_AAA Message Error","Twag,Open_Ssid_Kpi"
DC_E_WMG_TWAG_STATS,Open_Ssid_Kpi_AAA_Rejected,"Twag,Open_Ssid_Kpi_AAA Rejected","Twag,Open_Ssid_Kpi"
DC_E_WMG_TWAG_STATS,Open_Ssid_Kpi_AAA_Response_Timeout,"Twag,Open_Ssid_Kpi_AAA Response Timeout","Twag,Open_Ssid_Kpi"
DC_E_WMG_TWAG_STATS,Open_Ssid_Kpi_Connection_Establishment_Attempts,"Twag,Open_Ssid_Kpi_Connection Establishment Attempts","Twag,Open_Ssid_Kpi"
DC_E_WMG_TWAG_STATS,Open_Ssid_Kpi_Connection_Establishment_Failure,"Twag,Open_Ssid_Kpi_Connection Establishment Failure","Twag,Open_Ssid_Kpi"
DC_E_WMG_TWAG_STATS,Open_Ssid_Kpi_Connection_Establishment_Success,"Twag,Open_Ssid_Kpi_Connection Establishment Success","Twag,Open_Ssid_Kpi"
DC_E_WMG_TWAG_STATS,Open_Ssid_Kpi_Connection_Establishment_Success_Rate,"Twag,Open_Ssid_Kpi_Connection Establishment Success Rate %","Twag,Open_Ssid_Kpi"
DC_E_WMG_TWAG_STATS,Open_Ssid_Kpi_IP_Allocation_Failure_By_Local_Pool,"Twag,Open_Ssid_Kpi_IP Allocation Failure By Local Pool","Twag,Open_Ssid_Kpi"
DC_E_WMG_TWAG_STATS,Open_Ssid_Kpi_IP_Allocation_Failure_By_PGW,"Twag,Open_Ssid_Kpi_IP Allocation Failure By PGW","Twag,Open_Ssid_Kpi"
DC_E_WMG_TWAG_STATS,Open_Ssid_Kpi_No_AAA_Server,"Twag,Open_Ssid_Kpi_No AAA Server","Twag,Open_Ssid_Kpi"
DC_E_WMG_TWAG_STATS,Open_Ssid_Kpi_No_PGW_Selected,"Twag,Open_Ssid_Kpi_No PGW Selected","Twag,Open_Ssid_Kpi"
DC_E_WMG_TWAG_STATS,Open_Ssid_Kpi_Other_Failure,"Twag,Open_Ssid_Kpi_Other Failure","Twag,Open_Ssid_Kpi"
DC_E_WMG_TWAG_STATS,Open_Ssid_Kpi_PGW_Message_Error,"Twag,Open_Ssid_Kpi_PGW Message Error","Twag,Open_Ssid_Kpi"
DC_E_WMG_TWAG_STATS,Open_Ssid_Kpi_PGW_Rejected,"Twag,Open_Ssid_Kpi_PGW Rejected","Twag,Open_Ssid_Kpi"
DC_E_WMG_TWAG_STATS,Open_Ssid_Kpi_PGW_Response_Timeout,"Twag,Open_Ssid_Kpi_PGW Response Timeout","Twag,Open_Ssid_Kpi"
DC_E_WMG_TWAG_STATS,Open_Ssid_Kpi_Subscription_Error,"Twag,Open_Ssid_Kpi_Subscription Error","Twag,Open_Ssid_Kpi"
DC_E_WMG_TWAG_STATS,Open_Ssid_Kpi_UE_Response_Error,"Twag,Open_Ssid_Kpi_UE Response Error","Twag,Open_Ssid_Kpi"
DC_E_WMG_TWAG_STATS,Open_Ssid_Kpi_UE_Response_Timeout,"Twag,Open_Ssid_Kpi_UE Response Timeout","Twag,Open_Ssid_Kpi"
DC_E_WMG_TWAG_STATS,Open_Ssid_Attach_Rate,"Twag,Tps_Open Ssid Attach Rate","Twag,Tps"
DC_E_WMG_TWAG_STATS,Open_Ssid_Detach_Rate,"Twag,Tps_Open Ssid Detach Rate","Twag,Tps"
DC_E_WMG_TWAG_STATS,Secure_Ssid_Attach_Rate,"Twag,Tps_Secure Ssid Attach Rate","Twag,Tps"
DC_E_WMG_TWAG_STATS,Secure_Ssid_Detach_Rate,"Twag,Tps_Secure Ssid Detach Rate","Twag,Tps"
DC_E_WMG_DNS_GENERAL,combined_pgw_selections_5gsiwk_emergency_by_local_apn,combined-pgw-selections-5gsiwk-emergency-by-local-apn,dns-general
DC_E_WMG_DNS_GENERAL,successful_non_comb_only_pgw_5gsiwk_emergency_by_dns_query,successful-non-comb-only-pgw-5gsiwk-emergency-by-dns-query,dns-general
DC_E_WMG_DNS_GENERAL,failed_pgw_selections_5gsiwk_emergency_by_dns_query,failed-pgw-selections-5gsiwk-emergency-by-dns-query,dns-general
DC_E_WMG_DNS_GENERAL,non_combined_only_pgw_selections_5gsiwk_emergency_by_local_apn,non-combined-only-pgw-selections-5gsiwk-emergency-by-local-apn,dns-general
DC_E_WMG_DNS_GENERAL,combined_pgw_selections_5gsiwk_emergency_from_cache,combined-pgw-selections-5gsiwk-emergency-from-cache,dns-general
DC_E_WMG_DNS_GENERAL,pgw_selections_5gsiwk_emergency_by_aaa_pgw_ip_addr,pgw-selections-5gsiwk-emergency-by-aaa-pgw-ip-addr,dns-general
DC_E_WMG_DNS_GENERAL,pgw_sel_by_static_5gsiwk_emerg_combined_pgw_fallback_ip_addr,pgw-sel-by-static-5gsiwk-emerg-combined-pgw-fallback-ip-addr,dns-general
DC_E_WMG_DNS_GENERAL,pgw_selections_by_static_5gsiwk_emerg_combined_pgw_ho_ip_addr,pgw-selections-by-static-5gsiwk-emerg-combined-pgw-ho-ip-addr,dns-general
DC_E_WMG_DNS_GENERAL,successful_combined_pgw_5gsiwk_emergency_by_dns_query,successful-combined-pgw-5gsiwk-emergency-by-dns-query,dns-general
DC_E_WMG_DNS_GENERAL,non_combined_only_pgw_selections_5gsiwk_emergency_from_cache,non-combined-only-pgw-selections-5gsiwk-emergency-from-cache,dns-general