Fact Table Name,Counter Name,Data id,MO class
DC_E_NR_GNBCUCPFUNCTION,pmEndcInitAccessFailMpOverload,pmEndcInitAccessFailMpOverload,GNBCUCPFunction
DC_E_NR_GNBCUCPFUNCTION,pmEndcInitAccessRejGnbBbIntens,pmEndcInitAccessRejGnbBbIntens,GNBCUCPFunction
DC_E_NR_GNBCUCPFUNCTION,pmEndcInitAccessRejGnbMpLoad,pmEndcInitAccessRejGnbMpLoad,GNBCUCPFunction
DC_E_NR_GNBCUCPFUNCTION,pmEndcInitAccessRejUeAdmission,pmEndcInitAccessRejUeAdmission,GNBCUCPFunction
DC_E_NR_GNBCUCPFUNCTION,pmEndcPSCellChangeRejInInterGnbBbIntens,pmEndcPSCellChangeRejInInterGnbBbIntens,GNBCUCPFunction
DC_E_NR_GNBCUCPFUNCTION,pmEndcPSCellChangeRejInInterGnbMpLoad,pmEndcPSCellChangeRejInInterGnbMpLoad,GNBCUCPFunction
DC_E_NR_GNBCUCPFUNCTION,pmEndcPSCellChangeRejInInterGnbUeAdmission,pmEndcPSCellChangeRejInInterGnbUeAdmission,GNBCUCPFunction
DC_E_NR_GNBCUCPFUNCTION,pmEndcSgnbAdditionRequest,pmEndcSgnbAdditionRequest,GNBCUCPFunction
DC_E_NR_GNBCUCPFUNCTION,pmEndcSgnbAdditionRequestMdtConsent,pmEndcSgnbAdditionRequestMdtConsent,GNBCUCPFunction
DC_E_NR_GNBCUCPFUNCTION,pmEndcUeMeasurementReport,pmEndcUeMeasurementReport,GNBCUCPFunction
DC_E_NR_GNBCUCPFUNCTION,pmEndcUeMeasurementReportMdt,pmEndcUeMeasurementReportMdt,GNBCUCPFunction
DC_E_NR_GNBCUCPFUNCTION,pmEndcUeSupportGnssLocation,pmEndcUeSupportGnssLocation,GNBCUCPFunction
DC_E_NR_GNBCUCPFUNCTION,pmNgLinkBreak,pmNgLinkBreak,GNBCUCPFunction
DC_E_NR_GNBCUCPFUNCTION,pmNrdcInitAccessRejUeAdmission,pmNrdcInitAccessRejUeAdmission,GNBCUCPFunction
DC_E_NR_GNBCUCPFUNCTION,pmNrdcPSCellChangeRejInInterGnbUeAdmission,pmNrdcPSCellChangeRejInInterGnbUeAdmission,GNBCUCPFunction
DC_E_NR_GNBCUCPFUNCTION,pmPagDiscardedMpLoad,pmPagDiscardedMpLoad,GNBCUCPFunction
DC_E_NR_GNBCUCPFUNCTION,pmPagNgDiscarded,pmPagNgDiscarded,GNBCUCPFunction
DC_E_NR_GNBCUCPFUNCTION,pmPagNgReceived,pmPagNgReceived,GNBCUCPFunction
DC_E_NR_GNBCUCPFUNCTION,pmPagRanIntraGnbNonTrig,pmPagRanIntraGnbNonTrig,GNBCUCPFunction
DC_E_NR_GNBCUCPFUNCTION,pmPagRanIntraGnbTrig,pmPagRanIntraGnbTrig,GNBCUCPFunction
DC_E_NR_GNBCUCPFUNCTION,pmRrcConnLevelMaxEnDc,pmRrcConnLevelMaxEnDc,GNBCUCPFunction
DC_E_NR_GNBCUCPFUNCTION,pmRrcConnLevelMaxSa,pmRrcConnLevelMaxSa,GNBCUCPFunction
DC_E_NR_GNBCUCPFUNCTION,pmRrcConnLevelSamp,pmRrcConnLevelSamp,GNBCUCPFunction
DC_E_NR_GNBCUCPFUNCTION,pmRrcConnLevelSumEnDc,pmRrcConnLevelSumEnDc,GNBCUCPFunction
DC_E_NR_GNBCUCPFUNCTION,pmRrcConnLevelSumSa,pmRrcConnLevelSumSa,GNBCUCPFunction
DC_E_NR_GNBCUCPFUNCTION,pmRrcInactLevelMax,pmRrcInactLevelMax,GNBCUCPFunction
DC_E_NR_GNBCUCPFUNCTION,pmRrcInactLevelSamp,pmRrcInactLevelSamp,GNBCUCPFunction
DC_E_NR_GNBCUCPFUNCTION,pmRrcInactLevelSum,pmRrcInactLevelSum,GNBCUCPFunction
DC_E_NR_GNBCUCPFUNCTION,pmXnNodeConfigUpdateAckIn,pmXnNodeConfigUpdateAckIn,GNBCUCPFunction
DC_E_NR_GNBCUCPFUNCTION,pmXnNodeConfigUpdateAckOut,pmXnNodeConfigUpdateAckOut,GNBCUCPFunction
DC_E_NR_GNBCUCPFUNCTION,pmXnNodeConfigUpdateFailIn,pmXnNodeConfigUpdateFailIn,GNBCUCPFunction
DC_E_NR_GNBCUCPFUNCTION,pmXnNodeConfigUpdateFailOut,pmXnNodeConfigUpdateFailOut,GNBCUCPFunction
DC_E_NR_GNBCUCPFUNCTION,pmXnNodeConfigUpdateIn,pmXnNodeConfigUpdateIn,GNBCUCPFunction
DC_E_NR_GNBCUCPFUNCTION,pmXnNodeConfigUpdateOut,pmXnNodeConfigUpdateOut,GNBCUCPFunction
DC_E_NR_GNBCUCPFUNCTION,pmXnSetupFailIn,pmXnSetupFailIn,GNBCUCPFunction
DC_E_NR_GNBCUCPFUNCTION,pmXnSetupFailOut,pmXnSetupFailOut,GNBCUCPFunction
DC_E_NR_GNBCUCPFUNCTION,pmXnSetupRequestIn,pmXnSetupRequestIn,GNBCUCPFunction
DC_E_NR_GNBCUCPFUNCTION,pmXnSetupRequestOut,pmXnSetupRequestOut,GNBCUCPFunction
DC_E_NR_GNBCUCPFUNCTION,pmXnSetupResponseIn,pmXnSetupResponseIn,GNBCUCPFunction
DC_E_NR_GNBCUCPFUNCTION,pmXnSetupResponseOut,pmXnSetupResponseOut,GNBCUCPFunction
DC_E_NR_GNBDUFUNCTION,pmFwkSampLostL2Beam,pmFwkSampLostL2Beam,GNBDUFunction
DC_E_NR_GNBDUFUNCTION,pmFwkSampLostL2Cell,pmFwkSampLostL2Cell,GNBDUFunction
DC_E_NR_GNBDUFUNCTION,pmFwkSampLostL2Cellpartition,pmFwkSampLostL2Cellpartition,GNBDUFunction
DC_E_NR_GNBDUFUNCTION,pmFwkSampLostL2Lcg,pmFwkSampLostL2Lcg,GNBDUFunction
DC_E_NR_GNBDUFUNCTION,pmFwkSampLostL2Qos,pmFwkSampLostL2Qos,GNBDUFunction
DC_E_NR_GNBDUFUNCTION,pmFwkSampLostL2Rb,pmFwkSampLostL2Rb,GNBDUFunction
DC_E_NR_GNBDUFUNCTION,pmFwkSampLostL2Rpc,pmFwkSampLostL2Rpc,GNBDUFunction
DC_E_NR_GNBDUFUNCTION,pmFwkSampLostL2Sectorcarrier,pmFwkSampLostL2Sectorcarrier,GNBDUFunction
DC_E_NR_GNBDUFUNCTION,pmFwkSampLostL2Ue,pmFwkSampLostL2Ue,GNBDUFunction
DC_E_NR_GNBDUFUNCTION,pmLic10MHzBwHwacFdd,pmLic10MHzBwHwacFdd,GNBDUFunction
DC_E_NR_GNBDUFUNCTION,pmLic10MHzBwHwacTdd,pmLic10MHzBwHwacTdd,GNBDUFunction
DC_E_NR_GNBDUFUNCTION,pmLic25Plus25MHzScActual,pmLic25Plus25MHzScActual,GNBDUFunction
DC_E_NR_GNBDUFUNCTION,pmLic5MHzBwHwacFdd,pmLic5MHzBwHwacFdd,GNBDUFunction
DC_E_NR_GNBDUFUNCTION,pmLic5MHzBwHwacTdd,pmLic5MHzBwHwacTdd,GNBDUFunction
DC_E_NR_GNBDUFUNCTION,pmLic5Plus5MHzScActual,pmLic5Plus5MHzScActual,GNBDUFunction
DC_E_NR_GNBDUFUNCTION,pmLic5Plus5MHzScFdd,pmLic5Plus5MHzScFdd,GNBDUFunction
DC_E_NR_GNBDUFUNCTION,pmLic5Plus5MHzScTdd,pmLic5Plus5MHzScTdd,GNBDUFunction
DC_E_NR_GNBDUFUNCTION,pmLicDlCapUsedMax,pmLicDlCapUsedMax,GNBDUFunction
DC_E_NR_GNBDUFUNCTION,pmLicDlCapUsedSamp,pmLicDlCapUsedSamp,GNBDUFunction
DC_E_NR_GNBDUFUNCTION,pmLicDlCapUsedSum,pmLicDlCapUsedSum,GNBDUFunction
DC_E_NR_GNBDUFUNCTION,pmLicDlSlotsData,pmLicDlSlotsData,GNBDUFunction
DC_E_NR_GNBDUFUNCTION,pmLicDlSlotsHwacLimit,pmLicDlSlotsHwacLimit,GNBDUFunction
DC_E_NR_GNBDUFUNCTION,pmLicLteNrDynSpectrumSharingActual,pmLicLteNrDynSpectrumSharingActual,GNBDUFunction
DC_E_NR_GNBDUFUNCTION,pmLicLteNrDynSpectrumSharingFdd,pmLicLteNrDynSpectrumSharingFdd,GNBDUFunction
DC_E_NR_GNBDUFUNCTION,pmLicLteNrSpectrumSharingFdd,pmLicLteNrSpectrumSharingFdd,GNBDUFunction
DC_E_NR_GNBDUFUNCTION,pmLicUlCapUsedMax,pmLicUlCapUsedMax,GNBDUFunction
DC_E_NR_GNBDUFUNCTION,pmLicUlCapUsedSamp,pmLicUlCapUsedSamp,GNBDUFunction
DC_E_NR_GNBDUFUNCTION,pmLicUlCapUsedSum,pmLicUlCapUsedSum,GNBDUFunction
DC_E_NR_GNBDUFUNCTION,pmLicUlSlotsData,pmLicUlSlotsData,GNBDUFunction
DC_E_NR_GNBDUFUNCTION,pmLicUlSlotsHwacLimit,pmLicUlSlotsHwacLimit,GNBDUFunction
DC_E_NR_GNBDUFUNCTION,pmMacVolDl,pmMacVolDl,GNBDUFunction
DC_E_NR_GNBDUFUNCTION,pmMacVolUl,pmMacVolUl,GNBDUFunction
DC_E_NR_GNBDUFUNCTION,pmPagF1Discarded,pmPagF1Discarded,GNBDUFunction
DC_E_NR_GNBDUFUNCTION,pmPagF1Received,pmPagF1Received,GNBDUFunction
DC_E_NR_GNBDUFUNCTION,pmUeConfigProfileOverwrite,pmUeConfigProfileOverwrite,GNBDUFunction
DC_E_NR_NRCELLCU,pmAnrEcgiMeasFailUeCap,pmAnrEcgiMeasFailUeCap,NRCellCU
DC_E_NR_NRCELLCU,pmAnrEcgiMeasRcvDrx,pmAnrEcgiMeasRcvDrx,NRCellCU
DC_E_NR_NRCELLCU,pmAnrEcgiMeasTriggerDrx,pmAnrEcgiMeasTriggerDrx,NRCellCU
DC_E_NR_NRCELLCU,pmAnrNcgiMeasFailUeCap,pmAnrNcgiMeasFailUeCap,NRCellCU
DC_E_NR_NRCELLCU,pmAnrNcgiMeasRcvDrx,pmAnrNcgiMeasRcvDrx,NRCellCU
DC_E_NR_NRCELLCU,pmAnrNcgiMeasRcvNoSib1NoTacCell,pmAnrNcgiMeasRcvNoSib1NoTacCell,NRCellCU
DC_E_NR_NRCELLCU,pmAnrNcgiMeasTriggerDrx,pmAnrNcgiMeasTriggerDrx,NRCellCU
DC_E_NR_NRCELLCU,pmAnrNeighbRelAddEutran,pmAnrNeighbRelAddEutran,NRCellCU
DC_E_NR_NRCELLCU,pmAnrNeighbRelAddNr,pmAnrNeighbRelAddNr,NRCellCU
DC_E_NR_NRCELLCU,pmAnrNeighbRelDemoteEutran,pmAnrNeighbRelDemoteEutran,NRCellCU
DC_E_NR_NRCELLCU,pmAnrNeighbRelDemoteNr,pmAnrNeighbRelDemoteNr,NRCellCU
DC_E_NR_NRCELLCU,pmAnrNeighbRelPromoteEutran,pmAnrNeighbRelPromoteEutran,NRCellCU
DC_E_NR_NRCELLCU,pmAnrNeighbRelPromoteNr,pmAnrNeighbRelPromoteNr,NRCellCU
DC_E_NR_NRCELLCU,pmAnrNeighbRelPromoteRejEutran,pmAnrNeighbRelPromoteRejEutran,NRCellCU
DC_E_NR_NRCELLCU,pmAnrNeighbRelPromoteRejNr,pmAnrNeighbRelPromoteRejNr,NRCellCU
DC_E_NR_NRCELLCU,pmAnrNeighbRelRemEutran,pmAnrNeighbRelRemEutran,NRCellCU
DC_E_NR_NRCELLCU,pmAnrNeighbRelRemNr,pmAnrNeighbRelRemNr,NRCellCU
DC_E_NR_NRCELLCU,pmAnrNoActionTooWeakEndc,pmAnrNoActionTooWeakEndc,NRCellCU
DC_E_NR_NRCELLCU,pmAnrNoActionTooWeakSa,pmAnrNoActionTooWeakSa,NRCellCU
DC_E_NR_NRCELLCU,pmCaConfigAtt,pmCaConfigAtt,NRCellCU
DC_E_NR_NRCELLCU,pmCaConfigDlSamp,pmCaConfigDlSamp,NRCellCU
DC_E_NR_NRCELLCU,pmCaConfigSucc,pmCaConfigSucc,NRCellCU
DC_E_NR_NRCELLCU,pmCaDeconfigAtt,pmCaDeconfigAtt,NRCellCU
DC_E_NR_NRCELLCU,pmCaDeconfigSucc,pmCaDeconfigSucc,NRCellCU
DC_E_NR_NRCELLCU,pmCaSCellReselectionAttTs,pmCaSCellReselectionAttTs,NRCellCU
DC_E_NR_NRCELLCU,pmCaSCellReselectionSuccTs,pmCaSCellReselectionSuccTs,NRCellCU
DC_E_NR_NRCELLCU,pmDrbEstabFailIntgProt,pmDrbEstabFailIntgProt,NRCellCU
DC_E_NR_NRCELLCU,pmDrbLevelMaxEndc,pmDrbLevelMaxEndc,NRCellCU
DC_E_NR_NRCELLCU,pmDrbLevelMaxSa,pmDrbLevelMaxSa,NRCellCU
DC_E_NR_NRCELLCU,pmDrbLevelSamp,pmDrbLevelSamp,NRCellCU
DC_E_NR_NRCELLCU,pmDrbLevelSumEndc,pmDrbLevelSumEndc,NRCellCU
DC_E_NR_NRCELLCU,pmDrbLevelSumSa,pmDrbLevelSumSa,NRCellCU
DC_E_NR_NRCELLCU,pmDrbRopEndEndc,pmDrbRopEndEndc,NRCellCU
DC_E_NR_NRCELLCU,pmDrbRopEndSa,pmDrbRopEndSa,NRCellCU
DC_E_NR_NRCELLCU,pmEndcCaConfigAtt,pmEndcCaConfigAtt,NRCellCU
DC_E_NR_NRCELLCU,pmEndcCaConfigSucc,pmEndcCaConfigSucc,NRCellCU
DC_E_NR_NRCELLCU,pmEndcCaDeconfigAtt,pmEndcCaDeconfigAtt,NRCellCU
DC_E_NR_NRCELLCU,pmEndcCaDeconfigSucc,pmEndcCaDeconfigSucc,NRCellCU
DC_E_NR_NRCELLCU,pmEndcMnHoPSCellKeepAtt,pmEndcMnHoPSCellKeepAtt,NRCellCU
DC_E_NR_NRCELLCU,pmEndcMnHoPSCellKeepSucc,pmEndcMnHoPSCellKeepSucc,NRCellCU
DC_E_NR_NRCELLCU,pmEndcPSCellChangeAttInterSgnb,pmEndcPSCellChangeAttInterSgnb,NRCellCU
DC_E_NR_NRCELLCU,pmEndcPSCellChangeAttIntraSgnb,pmEndcPSCellChangeAttIntraSgnb,NRCellCU
DC_E_NR_NRCELLCU,pmEndcPSCellChangeRejInIntraGnbBbIntens,pmEndcPSCellChangeRejInIntraGnbBbIntens,NRCellCU
DC_E_NR_NRCELLCU,pmEndcPSCellChangeRejInIntraGnbMpLoad,pmEndcPSCellChangeRejInIntraGnbMpLoad,NRCellCU
DC_E_NR_NRCELLCU,pmEndcPSCellChangeResAllocReqInterSgnb,pmEndcPSCellChangeResAllocReqInterSgnb,NRCellCU
DC_E_NR_NRCELLCU,pmEndcPSCellChangeResAllocSuccInterSgnb,pmEndcPSCellChangeResAllocSuccInterSgnb,NRCellCU
DC_E_NR_NRCELLCU,pmEndcPSCellChangeSuccInterSgnb,pmEndcPSCellChangeSuccInterSgnb,NRCellCU
DC_E_NR_NRCELLCU,pmEndcPSCellChangeSuccIntraSgnb,pmEndcPSCellChangeSuccIntraSgnb,NRCellCU
DC_E_NR_NRCELLCU,pmEndcRelUeAbnormalMenb,pmEndcRelUeAbnormalMenb,NRCellCU
DC_E_NR_NRCELLCU,pmEndcRelUeAbnormalMenbAct,pmEndcRelUeAbnormalMenbAct,NRCellCU
DC_E_NR_NRCELLCU,pmEndcRelUeAbnormalMenbActRaProblem,pmEndcRelUeAbnormalMenbActRaProblem,NRCellCU
DC_E_NR_NRCELLCU,pmEndcRelUeAbnormalMenbActRlcMaxRetx,pmEndcRelUeAbnormalMenbActRlcMaxRetx,NRCellCU
DC_E_NR_NRCELLCU,pmEndcRelUeAbnormalMenbActScgReconfigFail,pmEndcRelUeAbnormalMenbActScgReconfigFail,NRCellCU
DC_E_NR_NRCELLCU,pmEndcRelUeAbnormalMenbActSyncReconfigFail,pmEndcRelUeAbnormalMenbActSyncReconfigFail,NRCellCU
DC_E_NR_NRCELLCU,pmEndcRelUeAbnormalMenbActT310Expiry,pmEndcRelUeAbnormalMenbActT310Expiry,NRCellCU
DC_E_NR_NRCELLCU,pmEndcRelUeAbnormalMenbRaProblem,pmEndcRelUeAbnormalMenbRaProblem,NRCellCU
DC_E_NR_NRCELLCU,pmEndcRelUeAbnormalMenbRlcMaxRetx,pmEndcRelUeAbnormalMenbRlcMaxRetx,NRCellCU
DC_E_NR_NRCELLCU,pmEndcRelUeAbnormalMenbScgReconfigFail,pmEndcRelUeAbnormalMenbScgReconfigFail,NRCellCU
DC_E_NR_NRCELLCU,pmEndcRelUeAbnormalMenbSyncReconfigFail,pmEndcRelUeAbnormalMenbSyncReconfigFail,NRCellCU
DC_E_NR_NRCELLCU,pmEndcRelUeAbnormalMenbT310Expiry,pmEndcRelUeAbnormalMenbT310Expiry,NRCellCU
DC_E_NR_NRCELLCU,pmEndcRelUeAbnormalSgnb,pmEndcRelUeAbnormalSgnb,NRCellCU
DC_E_NR_NRCELLCU,pmEndcRelUeAbnormalSgnbAct,pmEndcRelUeAbnormalSgnbAct,NRCellCU
DC_E_NR_NRCELLCU,pmEndcRelUeNormal,pmEndcRelUeNormal,NRCellCU
DC_E_NR_NRCELLCU,pmEndcRelUeNormalUeAssisted,pmEndcRelUeNormalUeAssisted,NRCellCU
DC_E_NR_NRCELLCU,pmEndcSetupScgUeAtt,pmEndcSetupScgUeAtt,NRCellCU
DC_E_NR_NRCELLCU,pmEndcSetupScgUeSucc,pmEndcSetupScgUeSucc,NRCellCU
DC_E_NR_NRCELLCU,pmEndcSetupUeAtt,pmEndcSetupUeAtt,NRCellCU
DC_E_NR_NRCELLCU,pmEndcSetupUeSucc,pmEndcSetupUeSucc,NRCellCU
DC_E_NR_NRCELLCU,pmEndcSgnbAdditionRequest,pmEndcSgnbAdditionRequest,NRCellCU
DC_E_NR_NRCELLCU,pmEndcSgnbAdditionRequestMdtConsent,pmEndcSgnbAdditionRequestMdtConsent,NRCellCU
DC_E_NR_NRCELLCU,pmEndcUeCapabilityGnssLocation,pmEndcUeCapabilityGnssLocation,NRCellCU
DC_E_NR_NRCELLCU,pmEndcUeCapabilityUlPdcpDelay,pmEndcUeCapabilityUlPdcpDelay,NRCellCU
DC_E_NR_NRCELLCU,pmEndcUeMeasurementReport,pmEndcUeMeasurementReport,NRCellCU
DC_E_NR_NRCELLCU,pmEndcUeMeasurementReportMdt,pmEndcUeMeasurementReportMdt,NRCellCU
DC_E_NR_NRCELLCU,pmHoExeAttOutEutran,pmHoExeAttOutEutran,NRCellCU
DC_E_NR_NRCELLCU,pmHoExeAttOutEutranTs,pmHoExeAttOutEutranTs,NRCellCU
DC_E_NR_NRCELLCU,pmHoExeAttOutInterGnb,pmHoExeAttOutInterGnb,NRCellCU
DC_E_NR_NRCELLCU,pmHoExeAttOutInterGnbTs,pmHoExeAttOutInterGnbTs,NRCellCU
DC_E_NR_NRCELLCU,pmHoExeAttOutIntraGnb,pmHoExeAttOutIntraGnb,NRCellCU
DC_E_NR_NRCELLCU,pmHoExeAttOutIntraGnbTs,pmHoExeAttOutIntraGnbTs,NRCellCU
DC_E_NR_NRCELLCU,pmHoExeSuccOutEutran,pmHoExeSuccOutEutran,NRCellCU
DC_E_NR_NRCELLCU,pmHoExeSuccOutEutranTs,pmHoExeSuccOutEutranTs,NRCellCU
DC_E_NR_NRCELLCU,pmHoExeSuccOutInterGnb,pmHoExeSuccOutInterGnb,NRCellCU
DC_E_NR_NRCELLCU,pmHoExeSuccOutInterGnbTs,pmHoExeSuccOutInterGnbTs,NRCellCU
DC_E_NR_NRCELLCU,pmHoExeSuccOutIntraGnb,pmHoExeSuccOutIntraGnb,NRCellCU
DC_E_NR_NRCELLCU,pmHoExeSuccOutIntraGnbTs,pmHoExeSuccOutIntraGnbTs,NRCellCU
DC_E_NR_NRCELLCU,pmHoPrepAttInNg,pmHoPrepAttInNg,NRCellCU
DC_E_NR_NRCELLCU,pmHoPrepAttInNgMdtConsent,pmHoPrepAttInNgMdtConsent,NRCellCU
DC_E_NR_NRCELLCU,pmHoPrepAttOutEutran,pmHoPrepAttOutEutran,NRCellCU
DC_E_NR_NRCELLCU,pmHoPrepAttOutEutranTs,pmHoPrepAttOutEutranTs,NRCellCU
DC_E_NR_NRCELLCU,pmHoPrepAttOutInterGnb,pmHoPrepAttOutInterGnb,NRCellCU
DC_E_NR_NRCELLCU,pmHoPrepAttOutInterGnbTs,pmHoPrepAttOutInterGnbTs,NRCellCU
DC_E_NR_NRCELLCU,pmHoPrepAttOutIntraGnb,pmHoPrepAttOutIntraGnb,NRCellCU
DC_E_NR_NRCELLCU,pmHoPrepAttOutIntraGnbTs,pmHoPrepAttOutIntraGnbTs,NRCellCU
DC_E_NR_NRCELLCU,pmHoPrepRejInEutranBbIntens,pmHoPrepRejInEutranBbIntens,NRCellCU
DC_E_NR_NRCELLCU,pmHoPrepRejInEutranMpLoad,pmHoPrepRejInEutranMpLoad,NRCellCU
DC_E_NR_NRCELLCU,pmHoPrepRejInEutranUeAdmission,pmHoPrepRejInEutranUeAdmission,NRCellCU
DC_E_NR_NRCELLCU,pmHoPrepRejInInterGnbBbIntens,pmHoPrepRejInInterGnbBbIntens,NRCellCU
DC_E_NR_NRCELLCU,pmHoPrepRejInInterGnbMpLoad,pmHoPrepRejInInterGnbMpLoad,NRCellCU
DC_E_NR_NRCELLCU,pmHoPrepRejInInterGnbUeAdmission,pmHoPrepRejInInterGnbUeAdmission,NRCellCU
DC_E_NR_NRCELLCU,pmHoPrepRejInIntraGnbBbIntens,pmHoPrepRejInIntraGnbBbIntens,NRCellCU
DC_E_NR_NRCELLCU,pmHoPrepRejInIntraGnbMpLoad,pmHoPrepRejInIntraGnbMpLoad,NRCellCU
DC_E_NR_NRCELLCU,pmHoPrepSuccOutEutran,pmHoPrepSuccOutEutran,NRCellCU
DC_E_NR_NRCELLCU,pmHoPrepSuccOutEutranTs,pmHoPrepSuccOutEutranTs,NRCellCU
DC_E_NR_NRCELLCU,pmHoPrepSuccOutInterGnb,pmHoPrepSuccOutInterGnb,NRCellCU
DC_E_NR_NRCELLCU,pmHoPrepSuccOutInterGnbTs,pmHoPrepSuccOutInterGnbTs,NRCellCU
DC_E_NR_NRCELLCU,pmHoPrepSuccOutIntraGnb,pmHoPrepSuccOutIntraGnb,NRCellCU
DC_E_NR_NRCELLCU,pmHoPrepSuccOutIntraGnbTs,pmHoPrepSuccOutIntraGnbTs,NRCellCU
DC_E_NR_NRCELLCU,pmNgSigConnEstabAtt,pmNgSigConnEstabAtt,NRCellCU
DC_E_NR_NRCELLCU,pmNgSigConnEstabAttEm,pmNgSigConnEstabAttEm,NRCellCU
DC_E_NR_NRCELLCU,pmNgSigConnEstabAttMos,pmNgSigConnEstabAttMos,NRCellCU
DC_E_NR_NRCELLCU,pmNgSigConnEstabSucc,pmNgSigConnEstabSucc,NRCellCU
DC_E_NR_NRCELLCU,pmNgSigConnEstabSuccEm,pmNgSigConnEstabSuccEm,NRCellCU
DC_E_NR_NRCELLCU,pmNgSigConnEstabSuccMos,pmNgSigConnEstabSuccMos,NRCellCU
DC_E_NR_NRCELLCU,pmNrdcPSCellChangeMnAttInterSgnb,pmNrdcPSCellChangeMnAttInterSgnb,NRCellCU
DC_E_NR_NRCELLCU,pmNrdcPSCellChangeMnSuccInterSgnb,pmNrdcPSCellChangeMnSuccInterSgnb,NRCellCU
DC_E_NR_NRCELLCU,pmNrdcPSCellChangeResAllocSnAttInterSgnb,pmNrdcPSCellChangeResAllocSnAttInterSgnb,NRCellCU
DC_E_NR_NRCELLCU,pmNrdcPSCellChangeResAllocSnSuccInterSgnb,pmNrdcPSCellChangeResAllocSnSuccInterSgnb,NRCellCU
DC_E_NR_NRCELLCU,pmNrdcPSCellChangeSnAttInterSgnb,pmNrdcPSCellChangeSnAttInterSgnb,NRCellCU
DC_E_NR_NRCELLCU,pmNrdcPSCellChangeSnSuccInterSgnb,pmNrdcPSCellChangeSnSuccInterSgnb,NRCellCU
DC_E_NR_NRCELLCU,pmNrdcRelRelocUeMnAtt,pmNrdcRelRelocUeMnAtt,NRCellCU
DC_E_NR_NRCELLCU,pmNrdcRelRelocUeMnSucc,pmNrdcRelRelocUeMnSucc,NRCellCU
DC_E_NR_NRCELLCU,pmNrdcRelUeSnAbnormalMnInit,pmNrdcRelUeSnAbnormalMnInit,NRCellCU
DC_E_NR_NRCELLCU,pmNrdcRelUeSnAbnormalMnInitAct,pmNrdcRelUeSnAbnormalMnInitAct,NRCellCU
DC_E_NR_NRCELLCU,pmNrdcRelUeSnAbnormalSnInit,pmNrdcRelUeSnAbnormalSnInit,NRCellCU
DC_E_NR_NRCELLCU,pmNrdcRelUeSnAbnormalSnInitAct,pmNrdcRelUeSnAbnormalSnInitAct,NRCellCU
DC_E_NR_NRCELLCU,pmNrdcRelUeSnNormal,pmNrdcRelUeSnNormal,NRCellCU
DC_E_NR_NRCELLCU,pmNrdcSetupUeMnAtt,pmNrdcSetupUeMnAtt,NRCellCU
DC_E_NR_NRCELLCU,pmNrdcSetupUeMnSucc,pmNrdcSetupUeMnSucc,NRCellCU
DC_E_NR_NRCELLCU,pmNrdcSetupUeSnAtt,pmNrdcSetupUeSnAtt,NRCellCU
DC_E_NR_NRCELLCU,pmNrdcSetupUeSnSucc,pmNrdcSetupUeSnSucc,NRCellCU
DC_E_NR_NRCELLCU,pmPduSessionEstabAtt,pmPduSessionEstabAtt,NRCellCU
DC_E_NR_NRCELLCU,pmPduSessionEstabAttIntgProt64kbps,pmPduSessionEstabAttIntgProt64kbps,NRCellCU
DC_E_NR_NRCELLCU,pmPduSessionEstabSucc,pmPduSessionEstabSucc,NRCellCU
DC_E_NR_NRCELLCU,pmPduSessionLevelMax,pmPduSessionLevelMax,NRCellCU
DC_E_NR_NRCELLCU,pmPduSessionLevelSamp,pmPduSessionLevelSamp,NRCellCU
DC_E_NR_NRCELLCU,pmPduSessionLevelSum,pmPduSessionLevelSum,NRCellCU
DC_E_NR_NRCELLCU,pmPduSessionModifyAtt,pmPduSessionModifyAtt,NRCellCU
DC_E_NR_NRCELLCU,pmPduSessionModifySucc,pmPduSessionModifySucc,NRCellCU
DC_E_NR_NRCELLCU,pmPduSessionRelAbnormalAmf,pmPduSessionRelAbnormalAmf,NRCellCU
DC_E_NR_NRCELLCU,pmPduSessionRelAbnormalGnb,pmPduSessionRelAbnormalGnb,NRCellCU
DC_E_NR_NRCELLCU,pmPduSessionRelNormal,pmPduSessionRelNormal,NRCellCU
DC_E_NR_NRCELLCU,pmPwsCancelReqCmas,pmPwsCancelReqCmas,NRCellCU
DC_E_NR_NRCELLCU,pmPwsCancelReqEtws,pmPwsCancelReqEtws,NRCellCU
DC_E_NR_NRCELLCU,pmPwsCancelRespCmas,pmPwsCancelRespCmas,NRCellCU
DC_E_NR_NRCELLCU,pmPwsCancelRespEtws,pmPwsCancelRespEtws,NRCellCU
DC_E_NR_NRCELLCU,pmPwsReqAttCmas,pmPwsReqAttCmas,NRCellCU
DC_E_NR_NRCELLCU,pmPwsReqAttEtwsPrimary,pmPwsReqAttEtwsPrimary,NRCellCU
DC_E_NR_NRCELLCU,pmPwsReqAttEtwsSecondary,pmPwsReqAttEtwsSecondary,NRCellCU
DC_E_NR_NRCELLCU,pmPwsReqSuccCmas,pmPwsReqSuccCmas,NRCellCU
DC_E_NR_NRCELLCU,pmPwsReqSuccEtwsPrimary,pmPwsReqSuccEtwsPrimary,NRCellCU
DC_E_NR_NRCELLCU,pmPwsReqSuccEtwsSecondary,pmPwsReqSuccEtwsSecondary,NRCellCU
DC_E_NR_NRCELLCU,pmRrcConnEstabAtt,pmRrcConnEstabAtt,NRCellCU
DC_E_NR_NRCELLCU,pmRrcConnEstabAttEm,pmRrcConnEstabAttEm,NRCellCU
DC_E_NR_NRCELLCU,pmRrcConnEstabAttMos,pmRrcConnEstabAttMos,NRCellCU
DC_E_NR_NRCELLCU,pmRrcConnEstabAttReatt,pmRrcConnEstabAttReatt,NRCellCU
DC_E_NR_NRCELLCU,pmRrcConnEstabAttReattEm,pmRrcConnEstabAttReattEm,NRCellCU
DC_E_NR_NRCELLCU,pmRrcConnEstabAttReattMos,pmRrcConnEstabAttReattMos,NRCellCU
DC_E_NR_NRCELLCU,pmRrcConnEstabSucc,pmRrcConnEstabSucc,NRCellCU
DC_E_NR_NRCELLCU,pmRrcConnEstabSuccEm,pmRrcConnEstabSuccEm,NRCellCU
DC_E_NR_NRCELLCU,pmRrcConnEstabSuccMos,pmRrcConnEstabSuccMos,NRCellCU
DC_E_NR_NRCELLCU,pmRrcConnLevelMaxEnDc,pmRrcConnLevelMaxEnDc,NRCellCU
DC_E_NR_NRCELLCU,pmRrcConnLevelMaxNrDc,pmRrcConnLevelMaxNrDc,NRCellCU
DC_E_NR_NRCELLCU,pmRrcConnLevelMaxSa,pmRrcConnLevelMaxSa,NRCellCU
DC_E_NR_NRCELLCU,pmRrcConnLevelSamp,pmRrcConnLevelSamp,NRCellCU
DC_E_NR_NRCELLCU,pmRrcConnLevelSumEnDc,pmRrcConnLevelSumEnDc,NRCellCU
DC_E_NR_NRCELLCU,pmRrcConnLevelSumNrDc,pmRrcConnLevelSumNrDc,NRCellCU
DC_E_NR_NRCELLCU,pmRrcConnLevelSumSa,pmRrcConnLevelSumSa,NRCellCU
DC_E_NR_NRCELLCU,pmRrcConnReestAtt,pmRrcConnReestAtt,NRCellCU
DC_E_NR_NRCELLCU,pmRrcConnReestFallbackAtt,pmRrcConnReestFallbackAtt,NRCellCU
DC_E_NR_NRCELLCU,pmRrcConnReestFallbackSucc,pmRrcConnReestFallbackSucc,NRCellCU
DC_E_NR_NRCELLCU,pmRrcConnReestSucc,pmRrcConnReestSucc,NRCellCU
DC_E_NR_NRCELLCU,pmRrcInactLevelMax,pmRrcInactLevelMax,NRCellCU
DC_E_NR_NRCELLCU,pmRrcInactLevelSamp,pmRrcInactLevelSamp,NRCellCU
DC_E_NR_NRCELLCU,pmRrcInactLevelSum,pmRrcInactLevelSum,NRCellCU
DC_E_NR_NRCELLCU,pmRrcInitAccessRejUeAdmission,pmRrcInitAccessRejUeAdmission,NRCellCU
DC_E_NR_NRCELLCU,pmRrcResumeAtt,pmRrcResumeAtt,NRCellCU
DC_E_NR_NRCELLCU,pmRrcResumeAttFallback,pmRrcResumeAttFallback,NRCellCU
DC_E_NR_NRCELLCU,pmRrcResumeAttFallbackEm,pmRrcResumeAttFallbackEm,NRCellCU
DC_E_NR_NRCELLCU,pmRrcResumeAttFallbackRnaUpdate,pmRrcResumeAttFallbackRnaUpdate,NRCellCU
DC_E_NR_NRCELLCU,pmRrcResumeAttRelInact,pmRrcResumeAttRelInact,NRCellCU
DC_E_NR_NRCELLCU,pmRrcResumeAttResume,pmRrcResumeAttResume,NRCellCU
DC_E_NR_NRCELLCU,pmRrcResumeAttResumeEm,pmRrcResumeAttResumeEm,NRCellCU
DC_E_NR_NRCELLCU,pmRrcResumeAttRnaUpdate,pmRrcResumeAttRnaUpdate,NRCellCU
DC_E_NR_NRCELLCU,pmRrcResumeRelIdle,pmRrcResumeRelIdle,NRCellCU
DC_E_NR_NRCELLCU,pmRrcResumeSuccFallback,pmRrcResumeSuccFallback,NRCellCU
DC_E_NR_NRCELLCU,pmRrcResumeSuccFallbackEm,pmRrcResumeSuccFallbackEm,NRCellCU
DC_E_NR_NRCELLCU,pmRrcResumeSuccFallbackRnaUpdate,pmRrcResumeSuccFallbackRnaUpdate,NRCellCU
DC_E_NR_NRCELLCU,pmRrcResumeSuccRelInact,pmRrcResumeSuccRelInact,NRCellCU
DC_E_NR_NRCELLCU,pmRrcResumeSuccResume,pmRrcResumeSuccResume,NRCellCU
DC_E_NR_NRCELLCU,pmRrcResumeSuccResumeEm,pmRrcResumeSuccResumeEm,NRCellCU
DC_E_NR_NRCELLCU,pmRrcResumeSuccRnaUpdate,pmRrcResumeSuccRnaUpdate,NRCellCU
DC_E_NR_NRCELLCU,pmRwrEutranUeNonPerfEpsfbEm,pmRwrEutranUeNonPerfEpsfbEm,NRCellCU
DC_E_NR_NRCELLCU,pmRwrEutranUeSuccEpsfb,pmRwrEutranUeSuccEpsfb,NRCellCU
DC_E_NR_NRCELLCU,pmRwrEutranUeSuccEpsfbEm,pmRwrEutranUeSuccEpsfbEm,NRCellCU
DC_E_NR_NRCELLCU,pmRwrEutranUeSuccEpsfbEmFbInd,pmRwrEutranUeSuccEpsfbEmFbInd,NRCellCU
DC_E_NR_NRCELLCU,pmRwrEutranUeSuccEpsfbEmQos,pmRwrEutranUeSuccEpsfbEmQos,NRCellCU
DC_E_NR_NRCELLCU,pmRwrEutranUeSuccNrCoverage,pmRwrEutranUeSuccNrCoverage,NRCellCU
DC_E_NR_NRCELLCU,pmRwrIntraNrUeSuccCoverage,pmRwrIntraNrUeSuccCoverage,NRCellCU
DC_E_NR_NRCELLCU,pmSaUeCapabilityGnssLocation,pmSaUeCapabilityGnssLocation,NRCellCU
DC_E_NR_NRCELLCU,pmSaUeCapabilityUlPdcpDelay,pmSaUeCapabilityUlPdcpDelay,NRCellCU
DC_E_NR_NRCELLCU,pmSaUeMeasurementReport,pmSaUeMeasurementReport,NRCellCU
DC_E_NR_NRCELLCU,pmSaUeMeasurementReportMdt,pmSaUeMeasurementReportMdt,NRCellCU
DC_E_NR_NRCELLCU,pmUeCapabilityEnquiryAtt,pmUeCapabilityEnquiryAtt,NRCellCU
DC_E_NR_NRCELLCU,pmUeCapabilityEnquiryAttSegmented,pmUeCapabilityEnquiryAttSegmented,NRCellCU
DC_E_NR_NRCELLCU,pmUeCapabilityEnquirySucc,pmUeCapabilityEnquirySucc,NRCellCU
DC_E_NR_NRCELLCU,pmUeCapabilityEnquirySuccSegmented,pmUeCapabilityEnquirySuccSegmented,NRCellCU
DC_E_NR_NRCELLCU,pmUeCapabilityInfo,pmUeCapabilityInfo,NRCellCU
DC_E_NR_NRCELLCU,pmUeCapabilityInfoSegmented,pmUeCapabilityInfoSegmented,NRCellCU
DC_E_NR_NRCELLCU,pmUeCapabilitySegmentFail,pmUeCapabilitySegmentFail,NRCellCU
DC_E_NR_NRCELLCU,pmUeCapabilitySegmentSucc,pmUeCapabilitySegmentSucc,NRCellCU
DC_E_NR_NRCELLCU,pmUeCtxtEstabAtt,pmUeCtxtEstabAtt,NRCellCU
DC_E_NR_NRCELLCU,pmUeCtxtEstabAttMdtConsent,pmUeCtxtEstabAttMdtConsent,NRCellCU
DC_E_NR_NRCELLCU,pmUeCtxtEstabSucc,pmUeCtxtEstabSucc,NRCellCU
DC_E_NR_NRCELLCU,pmUeCtxtRelAbnormalAmf,pmUeCtxtRelAbnormalAmf,NRCellCU
DC_E_NR_NRCELLCU,pmUeCtxtRelAbnormalAmfInact,pmUeCtxtRelAbnormalAmfInact,NRCellCU
DC_E_NR_NRCELLCU,pmUeCtxtRelAbnormalGnb,pmUeCtxtRelAbnormalGnb,NRCellCU
DC_E_NR_NRCELLCU,pmUeCtxtRelAbnormalGnbAct,pmUeCtxtRelAbnormalGnbAct,NRCellCU
DC_E_NR_NRCELLCU,pmUeCtxtRelAbnormalGnbInact,pmUeCtxtRelAbnormalGnbInact,NRCellCU
DC_E_NR_NRCELLCU,pmUeCtxtRelNormal,pmUeCtxtRelNormal,NRCellCU
DC_E_NR_NRCELLCU,pmUeCtxtRelNormalInact,pmUeCtxtRelNormalInact,NRCellCU
DC_E_NR_NRCELLCU,pmUeCtxtRetrieveAttRrcReest,pmUeCtxtRetrieveAttRrcReest,NRCellCU
DC_E_NR_NRCELLCU,pmUeCtxtRetrieveSuccRrcReest,pmUeCtxtRetrieveSuccRrcReest,NRCellCU
DC_E_NR_NRCELLCU,pmUeCtxtSuspend,pmUeCtxtSuspend,NRCellCU
DC_E_NR_NRCELLDU,pmActiveUeDlMax,pmActiveUeDlMax,NRCellDU
DC_E_NR_NRCELLDU,pmActiveUeDlSamp,pmActiveUeDlSamp,NRCellDU
DC_E_NR_NRCELLDU,pmActiveUeDlSum,pmActiveUeDlSum,NRCellDU
DC_E_NR_NRCELLDU,pmActiveUeDlTrueSamp,pmActiveUeDlTrueSamp,NRCellDU
DC_E_NR_NRCELLDU,pmActiveUeUlMax,pmActiveUeUlMax,NRCellDU
DC_E_NR_NRCELLDU,pmActiveUeUlSamp,pmActiveUeUlSamp,NRCellDU
DC_E_NR_NRCELLDU,pmActiveUeUlSum,pmActiveUeUlSum,NRCellDU
DC_E_NR_NRCELLDU,pmActiveUeUlTrueSamp,pmActiveUeUlTrueSamp,NRCellDU
DC_E_NR_NRCELLDU,pmBwpSwitchDciDropped,pmBwpSwitchDciDropped,NRCellDU
DC_E_NR_NRCELLDU,pmBwpUeConfSamp,pmBwpUeConfSamp,NRCellDU
DC_E_NR_NRCELLDU,pmCellDlSlots,pmCellDlSlots,NRCellDU
DC_E_NR_NRCELLDU,pmCellDowntimeAuto,pmCellDowntimeAuto,NRCellDU
DC_E_NR_NRCELLDU,pmCellDowntimeMan,pmCellDowntimeMan,NRCellDU
DC_E_NR_NRCELLDU,pmCellDowntimeManCbrs,pmCellDowntimeManCbrs,NRCellDU
DC_E_NR_NRCELLDU,pmDrxSleepTime,pmDrxSleepTime,NRCellDU
DC_E_NR_NRCELLDU,pmDrxTotalTime,pmDrxTotalTime,NRCellDU
DC_E_NR_NRCELLDU,pmDuCellDownLockAuto,pmDuCellDownLockAuto,NRCellDU
DC_E_NR_NRCELLDU,pmDuCellDownLockMan,pmDuCellDownLockMan,NRCellDU
DC_E_NR_NRCELLDU,pmDuCellDownUnlockMan,pmDuCellDownUnlockMan,NRCellDU
DC_E_NR_NRCELLDU,pmMacHarqDlAck16Qam,pmMacHarqDlAck16Qam,NRCellDU
DC_E_NR_NRCELLDU,pmMacHarqDlAck16QamInit,pmMacHarqDlAck16QamInit,NRCellDU
DC_E_NR_NRCELLDU,pmMacHarqDlAck256Qam,pmMacHarqDlAck256Qam,NRCellDU
DC_E_NR_NRCELLDU,pmMacHarqDlAck256QamInit,pmMacHarqDlAck256QamInit,NRCellDU
DC_E_NR_NRCELLDU,pmMacHarqDlAck64Qam,pmMacHarqDlAck64Qam,NRCellDU
DC_E_NR_NRCELLDU,pmMacHarqDlAck64QamInit,pmMacHarqDlAck64QamInit,NRCellDU
DC_E_NR_NRCELLDU,pmMacHarqDlAckQpsk,pmMacHarqDlAckQpsk,NRCellDU
DC_E_NR_NRCELLDU,pmMacHarqDlAckQpskInit,pmMacHarqDlAckQpskInit,NRCellDU
DC_E_NR_NRCELLDU,pmMacHarqDlDtx16Qam,pmMacHarqDlDtx16Qam,NRCellDU
DC_E_NR_NRCELLDU,pmMacHarqDlDtx16QamInit,pmMacHarqDlDtx16QamInit,NRCellDU
DC_E_NR_NRCELLDU,pmMacHarqDlDtx256Qam,pmMacHarqDlDtx256Qam,NRCellDU
DC_E_NR_NRCELLDU,pmMacHarqDlDtx256QamInit,pmMacHarqDlDtx256QamInit,NRCellDU
DC_E_NR_NRCELLDU,pmMacHarqDlDtx64Qam,pmMacHarqDlDtx64Qam,NRCellDU
DC_E_NR_NRCELLDU,pmMacHarqDlDtx64QamInit,pmMacHarqDlDtx64QamInit,NRCellDU
DC_E_NR_NRCELLDU,pmMacHarqDlDtxQpsk,pmMacHarqDlDtxQpsk,NRCellDU
DC_E_NR_NRCELLDU,pmMacHarqDlDtxQpskInit,pmMacHarqDlDtxQpskInit,NRCellDU
DC_E_NR_NRCELLDU,pmMacHarqDlFail,pmMacHarqDlFail,NRCellDU
DC_E_NR_NRCELLDU,pmMacHarqDlNack16Qam,pmMacHarqDlNack16Qam,NRCellDU
DC_E_NR_NRCELLDU,pmMacHarqDlNack16QamInit,pmMacHarqDlNack16QamInit,NRCellDU
DC_E_NR_NRCELLDU,pmMacHarqDlNack256Qam,pmMacHarqDlNack256Qam,NRCellDU
DC_E_NR_NRCELLDU,pmMacHarqDlNack256QamInit,pmMacHarqDlNack256QamInit,NRCellDU
DC_E_NR_NRCELLDU,pmMacHarqDlNack64Qam,pmMacHarqDlNack64Qam,NRCellDU
DC_E_NR_NRCELLDU,pmMacHarqDlNack64QamInit,pmMacHarqDlNack64QamInit,NRCellDU
DC_E_NR_NRCELLDU,pmMacHarqDlNackQpsk,pmMacHarqDlNackQpsk,NRCellDU
DC_E_NR_NRCELLDU,pmMacHarqDlNackQpskInit,pmMacHarqDlNackQpskInit,NRCellDU
DC_E_NR_NRCELLDU,pmMacHarqUlAck16Qam,pmMacHarqUlAck16Qam,NRCellDU
DC_E_NR_NRCELLDU,pmMacHarqUlAck16QamInit,pmMacHarqUlAck16QamInit,NRCellDU
DC_E_NR_NRCELLDU,pmMacHarqUlAck256Qam,pmMacHarqUlAck256Qam,NRCellDU
DC_E_NR_NRCELLDU,pmMacHarqUlAck256QamInit,pmMacHarqUlAck256QamInit,NRCellDU
DC_E_NR_NRCELLDU,pmMacHarqUlAck64Qam,pmMacHarqUlAck64Qam,NRCellDU
DC_E_NR_NRCELLDU,pmMacHarqUlAck64QamInit,pmMacHarqUlAck64QamInit,NRCellDU
DC_E_NR_NRCELLDU,pmMacHarqUlAckQpsk,pmMacHarqUlAckQpsk,NRCellDU
DC_E_NR_NRCELLDU,pmMacHarqUlAckQpskInit,pmMacHarqUlAckQpskInit,NRCellDU
DC_E_NR_NRCELLDU,pmMacHarqUlDtx16Qam,pmMacHarqUlDtx16Qam,NRCellDU
DC_E_NR_NRCELLDU,pmMacHarqUlDtx16QamInit,pmMacHarqUlDtx16QamInit,NRCellDU
DC_E_NR_NRCELLDU,pmMacHarqUlDtx256Qam,pmMacHarqUlDtx256Qam,NRCellDU
DC_E_NR_NRCELLDU,pmMacHarqUlDtx256QamInit,pmMacHarqUlDtx256QamInit,NRCellDU
DC_E_NR_NRCELLDU,pmMacHarqUlDtx64Qam,pmMacHarqUlDtx64Qam,NRCellDU
DC_E_NR_NRCELLDU,pmMacHarqUlDtx64QamInit,pmMacHarqUlDtx64QamInit,NRCellDU
DC_E_NR_NRCELLDU,pmMacHarqUlDtxQpsk,pmMacHarqUlDtxQpsk,NRCellDU
DC_E_NR_NRCELLDU,pmMacHarqUlDtxQpskInit,pmMacHarqUlDtxQpskInit,NRCellDU
DC_E_NR_NRCELLDU,pmMacHarqUlFail,pmMacHarqUlFail,NRCellDU
DC_E_NR_NRCELLDU,pmMacHarqUlNack16Qam,pmMacHarqUlNack16Qam,NRCellDU
DC_E_NR_NRCELLDU,pmMacHarqUlNack16QamInit,pmMacHarqUlNack16QamInit,NRCellDU
DC_E_NR_NRCELLDU,pmMacHarqUlNack256Qam,pmMacHarqUlNack256Qam,NRCellDU
DC_E_NR_NRCELLDU,pmMacHarqUlNack256QamInit,pmMacHarqUlNack256QamInit,NRCellDU
DC_E_NR_NRCELLDU,pmMacHarqUlNack64Qam,pmMacHarqUlNack64Qam,NRCellDU
DC_E_NR_NRCELLDU,pmMacHarqUlNack64QamInit,pmMacHarqUlNack64QamInit,NRCellDU
DC_E_NR_NRCELLDU,pmMacHarqUlNackQpsk,pmMacHarqUlNackQpsk,NRCellDU
DC_E_NR_NRCELLDU,pmMacHarqUlNackQpskInit,pmMacHarqUlNackQpskInit,NRCellDU
DC_E_NR_NRCELLDU,pmMacOffloadVolDlSCell,pmMacOffloadVolDlSCell,NRCellDU
DC_E_NR_NRCELLDU,pmMacOffloadVolDlSCellExt,pmMacOffloadVolDlSCellExt,NRCellDU
DC_E_NR_NRCELLDU,pmMacPdcchBlockingPdschOccasions,pmMacPdcchBlockingPdschOccasions,NRCellDU
DC_E_NR_NRCELLDU,pmMacPdcchBlockingPuschOccasions,pmMacPdcchBlockingPuschOccasions,NRCellDU
DC_E_NR_NRCELLDU,pmMacPdcchBlockingPuschOccasionsExclPresched,pmMacPdcchBlockingPuschOccasionsExclPresched,NRCellDU
DC_E_NR_NRCELLDU,pmMacPduVolDlUePCell,pmMacPduVolDlUePCell,NRCellDU
DC_E_NR_NRCELLDU,pmMacPduVolDlUeSCell,pmMacPduVolDlUeSCell,NRCellDU
DC_E_NR_NRCELLDU,pmMacRBSymAvailDl,pmMacRBSymAvailDl,NRCellDU
DC_E_NR_NRCELLDU,pmMacRBSymAvailPucch,pmMacRBSymAvailPucch,NRCellDU
DC_E_NR_NRCELLDU,pmMacRBSymAvailRach,pmMacRBSymAvailRach,NRCellDU
DC_E_NR_NRCELLDU,pmMacRBSymAvailUl,pmMacRBSymAvailUl,NRCellDU
DC_E_NR_NRCELLDU,pmMacRBSymCsiRs,pmMacRBSymCsiRs,NRCellDU
DC_E_NR_NRCELLDU,pmMacRBSymPucchSchedPusch,pmMacRBSymPucchSchedPusch,NRCellDU
DC_E_NR_NRCELLDU,pmMacRBSymRachSchedPusch,pmMacRBSymRachSchedPusch,NRCellDU
DC_E_NR_NRCELLDU,pmMacRBSymUsedNrEfficiency,pmMacRBSymUsedNrEfficiency,NRCellDU
DC_E_NR_NRCELLDU,pmMacRBSymUsedPdcchTypeA,pmMacRBSymUsedPdcchTypeA,NRCellDU
DC_E_NR_NRCELLDU,pmMacRBSymUsedPdcchTypeAAggrLvl1,pmMacRBSymUsedPdcchTypeAAggrLvl1,NRCellDU
DC_E_NR_NRCELLDU,pmMacRBSymUsedPdcchTypeAAggrLvl16,pmMacRBSymUsedPdcchTypeAAggrLvl16,NRCellDU
DC_E_NR_NRCELLDU,pmMacRBSymUsedPdcchTypeAAggrLvl2,pmMacRBSymUsedPdcchTypeAAggrLvl2,NRCellDU
DC_E_NR_NRCELLDU,pmMacRBSymUsedPdcchTypeAAggrLvl4,pmMacRBSymUsedPdcchTypeAAggrLvl4,NRCellDU
DC_E_NR_NRCELLDU,pmMacRBSymUsedPdcchTypeAAggrLvl8,pmMacRBSymUsedPdcchTypeAAggrLvl8,NRCellDU
DC_E_NR_NRCELLDU,pmMacRBSymUsedPdcchTypeB,pmMacRBSymUsedPdcchTypeB,NRCellDU
DC_E_NR_NRCELLDU,pmMacRBSymUsedPdcchTypeBAggrLvl1,pmMacRBSymUsedPdcchTypeBAggrLvl1,NRCellDU
DC_E_NR_NRCELLDU,pmMacRBSymUsedPdcchTypeBAggrLvl16,pmMacRBSymUsedPdcchTypeBAggrLvl16,NRCellDU
DC_E_NR_NRCELLDU,pmMacRBSymUsedPdcchTypeBAggrLvl2,pmMacRBSymUsedPdcchTypeBAggrLvl2,NRCellDU
DC_E_NR_NRCELLDU,pmMacRBSymUsedPdcchTypeBAggrLvl4,pmMacRBSymUsedPdcchTypeBAggrLvl4,NRCellDU
DC_E_NR_NRCELLDU,pmMacRBSymUsedPdcchTypeBAggrLvl8,pmMacRBSymUsedPdcchTypeBAggrLvl8,NRCellDU
DC_E_NR_NRCELLDU,pmMacRBSymUsedPdschAilg,pmMacRBSymUsedPdschAilg,NRCellDU
DC_E_NR_NRCELLDU,pmMacRBSymUsedPdschTypeA,pmMacRBSymUsedPdschTypeA,NRCellDU
DC_E_NR_NRCELLDU,pmMacRBSymUsedPdschTypeABroadcasting,pmMacRBSymUsedPdschTypeABroadcasting,NRCellDU
DC_E_NR_NRCELLDU,pmMacRBSymUsedPdschTypeB,pmMacRBSymUsedPdschTypeB,NRCellDU
DC_E_NR_NRCELLDU,pmMacRBSymUsedPuschTypeA,pmMacRBSymUsedPuschTypeA,NRCellDU
DC_E_NR_NRCELLDU,pmMacRBSymUsedPuschTypeB,pmMacRBSymUsedPuschTypeB,NRCellDU
DC_E_NR_NRCELLDU,pmMacRBSymUtilDlMax,pmMacRBSymUtilDlMax,NRCellDU
DC_E_NR_NRCELLDU,pmMacRBSymUtilUlMax,pmMacRBSymUtilUlMax,NRCellDU
DC_E_NR_NRCELLDU,pmMacThpDlMax,pmMacThpDlMax,NRCellDU
DC_E_NR_NRCELLDU,pmMacThpUlMax,pmMacThpUlMax,NRCellDU
DC_E_NR_NRCELLDU,pmMacThpUlUeMax,pmMacThpUlUeMax,NRCellDU
DC_E_NR_NRCELLDU,pmMacTimeDlDrb,pmMacTimeDlDrb,NRCellDU
DC_E_NR_NRCELLDU,pmMacTimeDlDrbLastSlot,pmMacTimeDlDrbLastSlot,NRCellDU
DC_E_NR_NRCELLDU,pmMacTimeDlDrbLastSlotSamp,pmMacTimeDlDrbLastSlotSamp,NRCellDU
DC_E_NR_NRCELLDU,pmMacTimeDlDrbSamp,pmMacTimeDlDrbSamp,NRCellDU
DC_E_NR_NRCELLDU,pmMacTimeUlResUe,pmMacTimeUlResUe,NRCellDU
DC_E_NR_NRCELLDU,pmMacVolDl,pmMacVolDl,NRCellDU
DC_E_NR_NRCELLDU,pmMacVolDlDrb,pmMacVolDlDrb,NRCellDU
DC_E_NR_NRCELLDU,pmMacVolDlDrbLastSlot,pmMacVolDlDrbLastSlot,NRCellDU
DC_E_NR_NRCELLDU,pmMacVolDlDrbSingleBurst,pmMacVolDlDrbSingleBurst,NRCellDU
DC_E_NR_NRCELLDU,pmMacVolDlDrbSingleBurstSamp,pmMacVolDlDrbSingleBurstSamp,NRCellDU
DC_E_NR_NRCELLDU,pmMacVolDlSCell,pmMacVolDlSCell,NRCellDU
DC_E_NR_NRCELLDU,pmMacVolDlSCellExt,pmMacVolDlSCellExt,NRCellDU
DC_E_NR_NRCELLDU,pmMacVolUl,pmMacVolUl,NRCellDU
DC_E_NR_NRCELLDU,pmMacVolUlResUe,pmMacVolUlResUe,NRCellDU
DC_E_NR_NRCELLDU,pmMacVolUlResUeLastSlot,pmMacVolUlResUeLastSlot,NRCellDU
DC_E_NR_NRCELLDU,pmMacVolUlResUeLate,pmMacVolUlResUeLate,NRCellDU
DC_E_NR_NRCELLDU,pmMacVolUlSCell,pmMacVolUlSCell,NRCellDU
DC_E_NR_NRCELLDU,pmMacVolUlUnresUe,pmMacVolUlUnresUe,NRCellDU
DC_E_NR_NRCELLDU,pmMacVolUlUnresUeBsrGrant,pmMacVolUlUnresUeBsrGrant,NRCellDU
DC_E_NR_NRCELLDU,pmMacVolUlUnresUePreemptGrant,pmMacVolUlUnresUePreemptGrant,NRCellDU
DC_E_NR_NRCELLDU,pmMacVolUlUnresUePucchSrGrant,pmMacVolUlUnresUePucchSrGrant,NRCellDU
DC_E_NR_NRCELLDU,pmMeasGapUeSamp,pmMeasGapUeSamp,NRCellDU
DC_E_NR_NRCELLDU,pmPagDiscarded,pmPagDiscarded,NRCellDU
DC_E_NR_NRCELLDU,pmPagReceived,pmPagReceived,NRCellDU
DC_E_NR_NRCELLDU,pmPdschAvailTime,pmPdschAvailTime,NRCellDU
DC_E_NR_NRCELLDU,pmPdschPimBlankedSlot,pmPdschPimBlankedSlot,NRCellDU
DC_E_NR_NRCELLDU,pmPdschPimBlankingReq,pmPdschPimBlankingReq,NRCellDU
DC_E_NR_NRCELLDU,pmPdschSchedActivity,pmPdschSchedActivity,NRCellDU
DC_E_NR_NRCELLDU,pmPuschAvailTime,pmPuschAvailTime,NRCellDU
DC_E_NR_NRCELLDU,pmPuschSchedActivity,pmPuschSchedActivity,NRCellDU
DC_E_NR_NRCELLDU,pmPuschSchedActivityDynSlotAggr,pmPuschSchedActivityDynSlotAggr,NRCellDU
DC_E_NR_NRCELLDU,pmRadioBeamFailureRecoveryCurrentBeam,pmRadioBeamFailureRecoveryCurrentBeam,NRCellDU
DC_E_NR_NRCELLDU,pmRadioBeamFailureRecoveryNewBeam,pmRadioBeamFailureRecoveryNewBeam,NRCellDU
DC_E_NR_NRCELLDU,pmRadioBeamSwitchSucc,pmRadioBeamSwitchSucc,NRCellDU
DC_E_NR_NRCELLDU,pmRadioBeamSwitchSuccMacCe,pmRadioBeamSwitchSuccMacCe,NRCellDU
DC_E_NR_NRCELLDU,pmRadioBeamSwitchTargetNotAvailable,pmRadioBeamSwitchTargetNotAvailable,NRCellDU
DC_E_NR_NRCELLDU,pmRadioMacCpofdmTransUl,pmRadioMacCpofdmTransUl,NRCellDU
DC_E_NR_NRCELLDU,pmRadioMacDftsTransUl,pmRadioMacDftsTransUl,NRCellDU
DC_E_NR_NRCELLDU,pmRadioMacTransUl1Layer,pmRadioMacTransUl1Layer,NRCellDU
DC_E_NR_NRCELLDU,pmRadioMacTransUl1LayerSinrDelta,pmRadioMacTransUl1LayerSinrDelta,NRCellDU
DC_E_NR_NRCELLDU,pmRadioMacTransUl2Layers,pmRadioMacTransUl2Layers,NRCellDU
DC_E_NR_NRCELLDU,pmRadioMacWvfSwitchAttUlCpofdm,pmRadioMacWvfSwitchAttUlCpofdm,NRCellDU
DC_E_NR_NRCELLDU,pmRadioMacWvfSwitchAttUlDfts,pmRadioMacWvfSwitchAttUlDfts,NRCellDU
DC_E_NR_NRCELLDU,pmRadioMacWvfSwitchSuccUlCpofdm,pmRadioMacWvfSwitchSuccUlCpofdm,NRCellDU
DC_E_NR_NRCELLDU,pmRadioMacWvfSwitchSuccUlDfts,pmRadioMacWvfSwitchSuccUlDfts,NRCellDU
DC_E_NR_NRCELLDU,pmRadioPdschEmptySlots,pmRadioPdschEmptySlots,NRCellDU
DC_E_NR_NRCELLDU,pmRadioPdschEmptySlotsForced,pmRadioPdschEmptySlotsForced,NRCellDU
DC_E_NR_NRCELLDU,pmRadioPucchFailSr,pmRadioPucchFailSr,NRCellDU
DC_E_NR_NRCELLDU,pmRadioRaCbAttMsg2,pmRadioRaCbAttMsg2,NRCellDU
DC_E_NR_NRCELLDU,pmRadioRaCbFailMsg1MaxMsg3Sched,pmRadioRaCbFailMsg1MaxMsg3Sched,NRCellDU
DC_E_NR_NRCELLDU,pmRadioRaCbFailMsg1Ooc,pmRadioRaCbFailMsg1Ooc,NRCellDU
DC_E_NR_NRCELLDU,pmRadioRaCbFailMsg2Disc,pmRadioRaCbFailMsg2Disc,NRCellDU
DC_E_NR_NRCELLDU,pmRadioRaCbFailMsg3Crc,pmRadioRaCbFailMsg3Crc,NRCellDU
DC_E_NR_NRCELLDU,pmRadioRaCbFailMsg3Crnti,pmRadioRaCbFailMsg3Crnti,NRCellDU
DC_E_NR_NRCELLDU,pmRadioRaCbFailMsg3Dtx,pmRadioRaCbFailMsg3Dtx,NRCellDU
DC_E_NR_NRCELLDU,pmRadioRaCbPreambles,pmRadioRaCbPreambles,NRCellDU
DC_E_NR_NRCELLDU,pmRadioRaCbSuccMsg3,pmRadioRaCbSuccMsg3,NRCellDU
DC_E_NR_NRCELLDU,pmRadioRaCbSuccMsg3KnownCrnti,pmRadioRaCbSuccMsg3KnownCrnti,NRCellDU
DC_E_NR_NRCELLDU,pmRadioRecInterferencePwrSlotSamp,pmRadioRecInterferencePwrSlotSamp,NRCellDU
DC_E_NR_NRCELLDU,pmRadioSrsResAvailAntSwitching,pmRadioSrsResAvailAntSwitching,NRCellDU
DC_E_NR_NRCELLDU,pmRadioSrsResUsedAntSwitching,pmRadioSrsResUsedAntSwitching,NRCellDU
DC_E_NR_NRCELLDU,pmRadioSsbBeamSwitch,pmRadioSsbBeamSwitch,NRCellDU
DC_E_NR_NRCELLDU,pmRlcArqDlAck,pmRlcArqDlAck,NRCellDU
DC_E_NR_NRCELLDU,pmRlcArqDlNack,pmRlcArqDlNack,NRCellDU
DC_E_NR_NRCELLDU,pmRlcArqUlAck,pmRlcArqUlAck,NRCellDU
DC_E_NR_NRCELLDU,pmRlcArqUlNack,pmRlcArqUlNack,NRCellDU
DC_E_NR_NRCELLDU,pmRlcDelayPktTransmitDl,pmRlcDelayPktTransmitDl,NRCellDU
DC_E_NR_NRCELLDU,pmRlcDelayTimeDl,pmRlcDelayTimeDl,NRCellDU
DC_E_NR_NRCELLDU,pmRrcAccessFailBbIntens,pmRrcAccessFailBbIntens,NRCellDU
DC_E_NR_NRCELLDU,pmRrcAccessFailMpLoad,pmRrcAccessFailMpLoad,NRCellDU
DC_E_NR_NRCELLDU,pmSessionTimeUeBwpSamp,pmSessionTimeUeBwpSamp,NRCellDU
DC_E_NR_NRCELLDU,pmUeCtxtAllocatedMax,pmUeCtxtAllocatedMax,NRCellDU
DC_E_NR_NRCELLDU,pmUeCtxtAllocatedSamp,pmUeCtxtAllocatedSamp,NRCellDU
DC_E_NR_NRCELLDU,pmUeCtxtAllocatedSum,pmUeCtxtAllocatedSum,NRCellDU
DC_E_NR_NRCELLDU,pmUeCtxtRelAbnormalGnbDuPnr,pmUeCtxtRelAbnormalGnbDuPnr,NRCellDU
DC_E_NR_NRCELLDU,pmUeCtxtSetupAtt,pmUeCtxtSetupAtt,NRCellDU
DC_E_NR_NRCELLDU,pmUeCtxtSetupSucc,pmUeCtxtSetupSucc,NRCellDU
DC_E_NR_NRCELLDU_V,pmBwpUeConfSumDistr,pmBwpUeConfSumDistr,NRCellDU_V
DC_E_NR_NRCELLDU_V,pmMacBsrLcg0Distr,pmMacBsrLcg0Distr,NRCellDU_V
DC_E_NR_NRCELLDU_V,pmMacBsrLcg1Distr,pmMacBsrLcg1Distr,NRCellDU_V
DC_E_NR_NRCELLDU_V,pmMacBsrLcg2Distr,pmMacBsrLcg2Distr,NRCellDU_V
DC_E_NR_NRCELLDU_V,pmMacBsrLcg3Distr,pmMacBsrLcg3Distr,NRCellDU_V
DC_E_NR_NRCELLDU_V,pmMacBsrLcg4Distr,pmMacBsrLcg4Distr,NRCellDU_V
DC_E_NR_NRCELLDU_V,pmMacBsrLcg5Distr,pmMacBsrLcg5Distr,NRCellDU_V
DC_E_NR_NRCELLDU_V,pmMacBsrLcg6Distr,pmMacBsrLcg6Distr,NRCellDU_V
DC_E_NR_NRCELLDU_V,pmMacBsrLcg7Distr,pmMacBsrLcg7Distr,NRCellDU_V
DC_E_NR_NRCELLDU_V,pmMacContentionDelayDlDistr,pmMacContentionDelayDlDistr,NRCellDU_V
DC_E_NR_NRCELLDU_V,pmMacContentionDelayDlMaxQos,pmMacContentionDelayDlMaxQos,NRCellDU_V
DC_E_NR_NRCELLDU_V,pmMacContentionDelayUlDistr,pmMacContentionDelayUlDistr,NRCellDU_V
DC_E_NR_NRCELLDU_V,pmMacHarqDlAck16QamInitSlotDistr,pmMacHarqDlAck16QamInitSlotDistr,NRCellDU_V
DC_E_NR_NRCELLDU_V,pmMacHarqDlAck256QamInitSlotDistr,pmMacHarqDlAck256QamInitSlotDistr,NRCellDU_V
DC_E_NR_NRCELLDU_V,pmMacHarqDlAck64QamInitSlotDistr,pmMacHarqDlAck64QamInitSlotDistr,NRCellDU_V
DC_E_NR_NRCELLDU_V,pmMacHarqDlAckQpskInitSlotDistr,pmMacHarqDlAckQpskInitSlotDistr,NRCellDU_V
DC_E_NR_NRCELLDU_V,pmMacHarqDlNack16QamInitSlotDistr,pmMacHarqDlNack16QamInitSlotDistr,NRCellDU_V
DC_E_NR_NRCELLDU_V,pmMacHarqDlNack256QamInitSlotDistr,pmMacHarqDlNack256QamInitSlotDistr,NRCellDU_V
DC_E_NR_NRCELLDU_V,pmMacHarqDlNack64QamInitSlotDistr,pmMacHarqDlNack64QamInitSlotDistr,NRCellDU_V
DC_E_NR_NRCELLDU_V,pmMacHarqDlNackQpskInitSlotDistr,pmMacHarqDlNackQpskInitSlotDistr,NRCellDU_V
DC_E_NR_NRCELLDU_V,pmMacLatTimeDlDrxSyncQos,pmMacLatTimeDlDrxSyncQos,NRCellDU_V
DC_E_NR_NRCELLDU_V,pmMacLatTimeDlDrxSyncSampQos,pmMacLatTimeDlDrxSyncSampQos,NRCellDU_V
DC_E_NR_NRCELLDU_V,pmMacLatTimeDlNoDrxSyncQos,pmMacLatTimeDlNoDrxSyncQos,NRCellDU_V
DC_E_NR_NRCELLDU_V,pmMacLatTimeDlNoDrxSyncSampQos,pmMacLatTimeDlNoDrxSyncSampQos,NRCellDU_V
DC_E_NR_NRCELLDU_V,pmMacPucchSrPuschGrantLatDistr,pmMacPucchSrPuschGrantLatDistr,NRCellDU_V
DC_E_NR_NRCELLDU_V,pmMacRBSymUsedPdcchOfdmSymDistr,pmMacRBSymUsedPdcchOfdmSymDistr,NRCellDU_V
DC_E_NR_NRCELLDU_V,pmMacRBSymUsedPdcchTypeAAggrLvl16Bwp,pmMacRBSymUsedPdcchTypeAAggrLvl16Bwp,NRCellDU_V
DC_E_NR_NRCELLDU_V,pmMacRBSymUsedPdcchTypeAAggrLvl1Bwp,pmMacRBSymUsedPdcchTypeAAggrLvl1Bwp,NRCellDU_V
DC_E_NR_NRCELLDU_V,pmMacRBSymUsedPdcchTypeAAggrLvl2Bwp,pmMacRBSymUsedPdcchTypeAAggrLvl2Bwp,NRCellDU_V
DC_E_NR_NRCELLDU_V,pmMacRBSymUsedPdcchTypeAAggrLvl4Bwp,pmMacRBSymUsedPdcchTypeAAggrLvl4Bwp,NRCellDU_V
DC_E_NR_NRCELLDU_V,pmMacRBSymUsedPdcchTypeAAggrLvl8Bwp,pmMacRBSymUsedPdcchTypeAAggrLvl8Bwp,NRCellDU_V
DC_E_NR_NRCELLDU_V,pmMacRBSymUsedPdcchTypeADciSwitchBwp,pmMacRBSymUsedPdcchTypeADciSwitchBwp,NRCellDU_V
DC_E_NR_NRCELLDU_V,pmMacRBSymUsedPdschAdvMimoUserDistr,pmMacRBSymUsedPdschAdvMimoUserDistr,NRCellDU_V
DC_E_NR_NRCELLDU_V,pmMacRBSymUsedPdschAdvMuMimoLayerDistr,pmMacRBSymUsedPdschAdvMuMimoLayerDistr,NRCellDU_V
DC_E_NR_NRCELLDU_V,pmMacRBSymUsedPdschAdvMuMimoLayersDistr,pmMacRBSymUsedPdschAdvMuMimoLayersDistr,NRCellDU_V
DC_E_NR_NRCELLDU_V,pmMacRBSymUsedPdschAdvMuMimoTxRankDistr,pmMacRBSymUsedPdschAdvMuMimoTxRankDistr,NRCellDU_V
DC_E_NR_NRCELLDU_V,pmMacRBSymUsedPdschAdvSuMimoLayerDistr,pmMacRBSymUsedPdschAdvSuMimoLayerDistr,NRCellDU_V
DC_E_NR_NRCELLDU_V,pmMacRBSymUsedPdschAdvSuMimoTxRankDistr,pmMacRBSymUsedPdschAdvSuMimoTxRankDistr,NRCellDU_V
DC_E_NR_NRCELLDU_V,pmMacRBSymUsedPdschMimoLayerDistr,pmMacRBSymUsedPdschMimoLayerDistr,NRCellDU_V
DC_E_NR_NRCELLDU_V,pmMacRBSymUsedPdschMimoUserDistr,pmMacRBSymUsedPdschMimoUserDistr,NRCellDU_V
DC_E_NR_NRCELLDU_V,pmMacRBSymUsedPuschMimoLayerDistr,pmMacRBSymUsedPuschMimoLayerDistr,NRCellDU_V
DC_E_NR_NRCELLDU_V,pmMacRBSymUsedPuschMimoUserDistr,pmMacRBSymUsedPuschMimoUserDistr,NRCellDU_V
DC_E_NR_NRCELLDU_V,pmMacRBSymUtilDlDistr,pmMacRBSymUtilDlDistr,NRCellDU_V
DC_E_NR_NRCELLDU_V,pmMacRBSymUtilUlDistr,pmMacRBSymUtilUlDistr,NRCellDU_V
DC_E_NR_NRCELLDU_V,pmMacSchedSlotDlCellSchedDistr,pmMacSchedSlotDlCellSchedDistr,NRCellDU_V
DC_E_NR_NRCELLDU_V,pmMacSchedSlotDlSCellActivatedDistr,pmMacSchedSlotDlSCellActivatedDistr,NRCellDU_V
DC_E_NR_NRCELLDU_V,pmMacSchedSlotDlTempAlarmSCellDistr,pmMacSchedSlotDlTempAlarmSCellDistr,NRCellDU_V
DC_E_NR_NRCELLDU_V,pmMacSchedSlotUlCellSchedDistr,pmMacSchedSlotUlCellSchedDistr,NRCellDU_V
DC_E_NR_NRCELLDU_V,pmMacSchedSlotUlSCellActivatedDistr,pmMacSchedSlotUlSCellActivatedDistr,NRCellDU_V
DC_E_NR_NRCELLDU_V,pmMacSchedSlotUlTempAlarmSCellDistr,pmMacSchedSlotUlTempAlarmSCellDistr,NRCellDU_V
DC_E_NR_NRCELLDU_V,pmMacTempAlarmSCellDistr,pmMacTempAlarmSCellDistr,NRCellDU_V
DC_E_NR_NRCELLDU_V,pmMacTimeDlDrbLastSlotQos,pmMacTimeDlDrbLastSlotQos,NRCellDU_V
DC_E_NR_NRCELLDU_V,pmMacTimeDlDrbLastSlotSampQos,pmMacTimeDlDrbLastSlotSampQos,NRCellDU_V
DC_E_NR_NRCELLDU_V,pmMacTimeDlDrbQos,pmMacTimeDlDrbQos,NRCellDU_V
DC_E_NR_NRCELLDU_V,pmMacTimeDlDrbSampQos,pmMacTimeDlDrbSampQos,NRCellDU_V
DC_E_NR_NRCELLDU_V,pmMacUaiOhIndSCellDistr,pmMacUaiOhIndSCellDistr,NRCellDU_V
DC_E_NR_NRCELLDU_V,pmMacVolDlBwp,pmMacVolDlBwp,NRCellDU_V
DC_E_NR_NRCELLDU_V,pmMacVolDlDrbLastSlotQos,pmMacVolDlDrbLastSlotQos,NRCellDU_V
DC_E_NR_NRCELLDU_V,pmMacVolDlDrbQos,pmMacVolDlDrbQos,NRCellDU_V
DC_E_NR_NRCELLDU_V,pmMacVolUlBwp,pmMacVolUlBwp,NRCellDU_V
DC_E_NR_NRCELLDU_V,pmMeasGapDurationDistr,pmMeasGapDurationDistr,NRCellDU_V
DC_E_NR_NRCELLDU_V,pmMeasGapUeMaxDistr,pmMeasGapUeMaxDistr,NRCellDU_V
DC_E_NR_NRCELLDU_V,pmMeasGapUeMnMaxDistr,pmMeasGapUeMnMaxDistr,NRCellDU_V
DC_E_NR_NRCELLDU_V,pmMeasGapUeMnSumDistr,pmMeasGapUeMnSumDistr,NRCellDU_V
DC_E_NR_NRCELLDU_V,pmMeasGapUeSumDistr,pmMeasGapUeSumDistr,NRCellDU_V
DC_E_NR_NRCELLDU_V,pmPagBundledUeDistr,pmPagBundledUeDistr,NRCellDU_V
DC_E_NR_NRCELLDU_V,pmPagBundledUeSampDistr,pmPagBundledUeSampDistr,NRCellDU_V
DC_E_NR_NRCELLDU_V,pmPdcchDciSwitchBwp,pmPdcchDciSwitchBwp,NRCellDU_V
DC_E_NR_NRCELLDU_V,pmPdschSchedActivityBwp,pmPdschSchedActivityBwp,NRCellDU_V
DC_E_NR_NRCELLDU_V,pmPdschSchedEntityDistr,pmPdschSchedEntityDistr,NRCellDU_V
DC_E_NR_NRCELLDU_V,pmPuschSchedActivityBwp,pmPuschSchedActivityBwp,NRCellDU_V
DC_E_NR_NRCELLDU_V,pmPuschSchedEntityDistr,pmPuschSchedEntityDistr,NRCellDU_V
DC_E_NR_NRCELLDU_V,pmPuschSchedEntityInclPreschedDistr,pmPuschSchedEntityInclPreschedDistr,NRCellDU_V
DC_E_NR_NRCELLDU_V,pmRadioMaxDeltaIpNDistr,pmRadioMaxDeltaIpNDistr,NRCellDU_V
DC_E_NR_NRCELLDU_V,pmRadioNarrowBeamAcqTimeDistr,pmRadioNarrowBeamAcqTimeDistr,NRCellDU_V
DC_E_NR_NRCELLDU_V,pmRadioPathlossUlDistr,pmRadioPathlossUlDistr,NRCellDU_V
DC_E_NR_NRCELLDU_V,pmRadioPdschTable1MbsfnMcsDistr,pmRadioPdschTable1MbsfnMcsDistr,NRCellDU_V
DC_E_NR_NRCELLDU_V,pmRadioPdschTable1McsDistr,pmRadioPdschTable1McsDistr,NRCellDU_V
DC_E_NR_NRCELLDU_V,pmRadioPdschTable2MbsfnMcsDistr,pmRadioPdschTable2MbsfnMcsDistr,NRCellDU_V
DC_E_NR_NRCELLDU_V,pmRadioPdschTable2McsDistr,pmRadioPdschTable2McsDistr,NRCellDU_V
DC_E_NR_NRCELLDU_V,pmRadioPdschTable3McsDistr,pmRadioPdschTable3McsDistr,NRCellDU_V
DC_E_NR_NRCELLDU_V,pmRadioPreambleSinrMsg3AckDistr,pmRadioPreambleSinrMsg3AckDistr,NRCellDU_V
DC_E_NR_NRCELLDU_V,pmRadioPreambleSinrMsg3DtxAllTxDistr,pmRadioPreambleSinrMsg3DtxAllTxDistr,NRCellDU_V
DC_E_NR_NRCELLDU_V,pmRadioPreambleSinrMsg3DtxDistr,pmRadioPreambleSinrMsg3DtxDistr,NRCellDU_V
DC_E_NR_NRCELLDU_V,pmRadioPreambleSinrMsg3HarqFailDistr,pmRadioPreambleSinrMsg3HarqFailDistr,NRCellDU_V
DC_E_NR_NRCELLDU_V,pmRadioPreambleSinrMsg3NackDistr,pmRadioPreambleSinrMsg3NackDistr,NRCellDU_V
DC_E_NR_NRCELLDU_V,pmRadioPreambleSinrMsg3SuccBeyondTx4Distr,pmRadioPreambleSinrMsg3SuccBeyondTx4Distr,NRCellDU_V
DC_E_NR_NRCELLDU_V,pmRadioPreambleSinrMsg3SuccTx1Distr,pmRadioPreambleSinrMsg3SuccTx1Distr,NRCellDU_V
DC_E_NR_NRCELLDU_V,pmRadioPreambleSinrMsg3SuccTx2Distr,pmRadioPreambleSinrMsg3SuccTx2Distr,NRCellDU_V
DC_E_NR_NRCELLDU_V,pmRadioPreambleSinrMsg3SuccTx3Distr,pmRadioPreambleSinrMsg3SuccTx3Distr,NRCellDU_V
DC_E_NR_NRCELLDU_V,pmRadioPreambleSinrMsg3SuccTx4Distr,pmRadioPreambleSinrMsg3SuccTx4Distr,NRCellDU_V
DC_E_NR_NRCELLDU_V,pmRadioPucchSrResourcesRestoredDistr,pmRadioPucchSrResourcesRestoredDistr,NRCellDU_V
DC_E_NR_NRCELLDU_V,pmRadioPuschPhrDistr,pmRadioPuschPhrDistr,NRCellDU_V
DC_E_NR_NRCELLDU_V,pmRadioPuschPwrSpectralDensityDistr,pmRadioPuschPwrSpectralDensityDistr,NRCellDU_V
DC_E_NR_NRCELLDU_V,pmRadioPuschTable1McsDistr,pmRadioPuschTable1McsDistr,NRCellDU_V
DC_E_NR_NRCELLDU_V,pmRadioPuschTable2McsDistr,pmRadioPuschTable2McsDistr,NRCellDU_V
DC_E_NR_NRCELLDU_V,pmRadioPuschTable3McsDistr,pmRadioPuschTable3McsDistr,NRCellDU_V
DC_E_NR_NRCELLDU_V,pmRadioRaAttTaDistr,pmRadioRaAttTaDistr,NRCellDU_V
DC_E_NR_NRCELLDU_V,pmRadioRecEffectiveIpNPwrDistr,pmRadioRecEffectiveIpNPwrDistr,NRCellDU_V
DC_E_NR_NRCELLDU_V,pmRadioRecInterferenceNoOfEventsPrbDistr,pmRadioRecInterferenceNoOfEventsPrbDistr,NRCellDU_V
DC_E_NR_NRCELLDU_V,pmRadioRecInterferencePowerDistr,pmRadioRecInterferencePowerDistr,NRCellDU_V
DC_E_NR_NRCELLDU_V,pmRadioRecInterferencePwrDistr,pmRadioRecInterferencePwrDistr,NRCellDU_V
DC_E_NR_NRCELLDU_V,pmRadioRecInterferencePwrPucchF0Distr,pmRadioRecInterferencePwrPucchF0Distr,NRCellDU_V
DC_E_NR_NRCELLDU_V,pmRadioRecInterferencePwrPucchF2Distr,pmRadioRecInterferencePwrPucchF2Distr,NRCellDU_V
DC_E_NR_NRCELLDU_V,pmRadioRecInterferencePwrSpecialSlot1Distr,pmRadioRecInterferencePwrSpecialSlot1Distr,NRCellDU_V
DC_E_NR_NRCELLDU_V,pmRadioRecInterferencePwrSpecialSlot2Distr,pmRadioRecInterferencePwrSpecialSlot2Distr,NRCellDU_V
DC_E_NR_NRCELLDU_V,pmRadioRecInterferencePwrSpecialSlot3Distr,pmRadioRecInterferencePwrSpecialSlot3Distr,NRCellDU_V
DC_E_NR_NRCELLDU_V,pmRadioRecInterferencePwrSpecialSlot4Distr,pmRadioRecInterferencePwrSpecialSlot4Distr,NRCellDU_V
DC_E_NR_NRCELLDU_V,pmRadioRecInterferencePwrSumPrbDistr,pmRadioRecInterferencePwrSumPrbDistr,NRCellDU_V
DC_E_NR_NRCELLDU_V,pmRadioRecInterferencePwrUlSlot1Distr,pmRadioRecInterferencePwrUlSlot1Distr,NRCellDU_V
DC_E_NR_NRCELLDU_V,pmRadioRecInterferencePwrUlSlot2Distr,pmRadioRecInterferencePwrUlSlot2Distr,NRCellDU_V
DC_E_NR_NRCELLDU_V,pmRadioRecInterferencePwrUlSlot3Distr,pmRadioRecInterferencePwrUlSlot3Distr,NRCellDU_V
DC_E_NR_NRCELLDU_V,pmRadioRecInterferencePwrUlSlot4Distr,pmRadioRecInterferencePwrUlSlot4Distr,NRCellDU_V
DC_E_NR_NRCELLDU_V,pmRadioRecInterferencePwrUlSlot5Distr,pmRadioRecInterferencePwrUlSlot5Distr,NRCellDU_V
DC_E_NR_NRCELLDU_V,pmRadioRecInterferencePwrUlSlot6Distr,pmRadioRecInterferencePwrUlSlot6Distr,NRCellDU_V
DC_E_NR_NRCELLDU_V,pmRadioSchedUlSuMimoRankDistr,pmRadioSchedUlSuMimoRankDistr,NRCellDU_V
DC_E_NR_NRCELLDU_V,pmRadioServingBeamDlDistr,pmRadioServingBeamDlDistr,NRCellDU_V
DC_E_NR_NRCELLDU_V,pmRadioSinrPdschDistr,pmRadioSinrPdschDistr,NRCellDU_V
DC_E_NR_NRCELLDU_V,pmRadioSinrPucchDistr,pmRadioSinrPucchDistr,NRCellDU_V
DC_E_NR_NRCELLDU_V,pmRadioSinrPucchF0Distr,pmRadioSinrPucchF0Distr,NRCellDU_V
DC_E_NR_NRCELLDU_V,pmRadioSinrPucchF2Distr,pmRadioSinrPucchF2Distr,NRCellDU_V
DC_E_NR_NRCELLDU_V,pmRadioSinrPuschAckDistr,pmRadioSinrPuschAckDistr,NRCellDU_V
DC_E_NR_NRCELLDU_V,pmRadioSinrPuschDistr,pmRadioSinrPuschDistr,NRCellDU_V
DC_E_NR_NRCELLDU_V,pmRadioSinrPuschDtxDistr,pmRadioSinrPuschDtxDistr,NRCellDU_V
DC_E_NR_NRCELLDU_V,pmRadioSinrPuschHarqFailDistr,pmRadioSinrPuschHarqFailDistr,NRCellDU_V
DC_E_NR_NRCELLDU_V,pmRadioSinrPuschNackDistr,pmRadioSinrPuschNackDistr,NRCellDU_V
DC_E_NR_NRCELLDU_V,pmRadioSymbolDeltaIpnDistr,pmRadioSymbolDeltaIpnDistr,NRCellDU_V
DC_E_NR_NRCELLDU_V,pmRadioUeRepCqi256QamRank1Distr,pmRadioUeRepCqi256QamRank1Distr,NRCellDU_V
DC_E_NR_NRCELLDU_V,pmRadioUeRepCqi256QamRank2Distr,pmRadioUeRepCqi256QamRank2Distr,NRCellDU_V
DC_E_NR_NRCELLDU_V,pmRadioUeRepCqi256QamRank3Distr,pmRadioUeRepCqi256QamRank3Distr,NRCellDU_V
DC_E_NR_NRCELLDU_V,pmRadioUeRepCqi256QamRank4Distr,pmRadioUeRepCqi256QamRank4Distr,NRCellDU_V
DC_E_NR_NRCELLDU_V,pmRadioUeRepCqi64QamLowSeRank1Distr,pmRadioUeRepCqi64QamLowSeRank1Distr,NRCellDU_V
DC_E_NR_NRCELLDU_V,pmRadioUeRepCqi64QamLowSeRank2Distr,pmRadioUeRepCqi64QamLowSeRank2Distr,NRCellDU_V
DC_E_NR_NRCELLDU_V,pmRadioUeRepCqi64QamLowSeRank3Distr,pmRadioUeRepCqi64QamLowSeRank3Distr,NRCellDU_V
DC_E_NR_NRCELLDU_V,pmRadioUeRepCqi64QamLowSeRank4Distr,pmRadioUeRepCqi64QamLowSeRank4Distr,NRCellDU_V
DC_E_NR_NRCELLDU_V,pmRadioUeRepCqi64QamRank1Distr,pmRadioUeRepCqi64QamRank1Distr,NRCellDU_V
DC_E_NR_NRCELLDU_V,pmRadioUeRepCqi64QamRank2Distr,pmRadioUeRepCqi64QamRank2Distr,NRCellDU_V
DC_E_NR_NRCELLDU_V,pmRadioUeRepCqi64QamRank3Distr,pmRadioUeRepCqi64QamRank3Distr,NRCellDU_V
DC_E_NR_NRCELLDU_V,pmRadioUeRepCqi64QamRank4Distr,pmRadioUeRepCqi64QamRank4Distr,NRCellDU_V
DC_E_NR_NRCELLDU_V,pmRadioUeRepPmiPrimaryCsiRsRank1Distr,pmRadioUeRepPmiPrimaryCsiRsRank1Distr,NRCellDU_V
DC_E_NR_NRCELLDU_V,pmRadioUeRepPmiPrimaryCsiRsRank2Distr,pmRadioUeRepPmiPrimaryCsiRsRank2Distr,NRCellDU_V
DC_E_NR_NRCELLDU_V,pmRadioUeRepPmiPrimaryCsiRsRank3Distr,pmRadioUeRepPmiPrimaryCsiRsRank3Distr,NRCellDU_V
DC_E_NR_NRCELLDU_V,pmRadioUeRepPmiPrimaryCsiRsRank4Distr,pmRadioUeRepPmiPrimaryCsiRsRank4Distr,NRCellDU_V
DC_E_NR_NRCELLDU_V,pmRadioUeRepPmiSecondaryCsiRsRank1Distr,pmRadioUeRepPmiSecondaryCsiRsRank1Distr,NRCellDU_V
DC_E_NR_NRCELLDU_V,pmRadioUeRepPmiSecondaryCsiRsRank2Distr,pmRadioUeRepPmiSecondaryCsiRsRank2Distr,NRCellDU_V
DC_E_NR_NRCELLDU_V,pmRadioUeRepPmiSecondaryCsiRsRank3Distr,pmRadioUeRepPmiSecondaryCsiRsRank3Distr,NRCellDU_V
DC_E_NR_NRCELLDU_V,pmRadioUeRepPmiSecondaryCsiRsRank4Distr,pmRadioUeRepPmiSecondaryCsiRsRank4Distr,NRCellDU_V
DC_E_NR_NRCELLDU_V,pmRadioUeRepRankDistr,pmRadioUeRepRankDistr,NRCellDU_V
DC_E_NR_NRCELLDU_V,pmRlcDelayPktTransmitDlQos,pmRlcDelayPktTransmitDlQos,NRCellDU_V
DC_E_NR_NRCELLDU_V,pmRlcDelayTimeDlQos,pmRlcDelayTimeDlQos,NRCellDU_V
DC_E_NR_NRCELLDU_V,pmSessionTimeUeBwpSumDistr,pmSessionTimeUeBwpSumDistr,NRCellDU_V
DC_E_NR_GNBCUCPFUNCTION,pmNrdcInitAccessRejUeCapacityLimit,pmNrdcInitAccessRejUeCapacityLimit,GNBCUCPFunction
DC_E_NR_GNBCUCPFUNCTION,pmNrdcPSCellChangeRejInInterGnbUeCapacityLimit,pmNrdcPSCellChangeRejInInterGnbUeCapacityLimit,GNBCUCPFunction
DC_E_NR_GNBCUCPFUNCTION,pmEndcInitAccessRejUeCapacityLimit,pmEndcInitAccessRejUeCapacityLimit,GNBCUCPFunction
DC_E_NR_GNBCUCPFUNCTION,pmEndcPSCellChangeRejInInterGnbUeCapacityLimit,pmEndcPSCellChangeRejInInterGnbUeCapacityLimit,GNBCUCPFunction
DC_E_NR_NRCELLCU,pmRwrEutranUeSuccRi,pmRwrEutranUeSuccRi,NRCellCU
DC_E_NR_NRCELLCU,pmHoPrepRejInInterGnbUeCapacityLimit,pmHoPrepRejInInterGnbUeCapacityLimit,NRCellCU
DC_E_NR_NRCELLCU,pmHoPrepRejInCellBarred,pmHoPrepRejInCellBarred,NRCellCU
DC_E_NR_NRCELLCU,pmHoExeSuccOutInterGnbOffload,pmHoExeSuccOutInterGnbOffload,NRCellCU
DC_E_NR_NRCELLCU,pmEndcRejCellBarred,pmEndcRejCellBarred,NRCellCU
DC_E_NR_NRCELLCU,pmHoPrepRejInEutranUeCapacityLimit,pmHoPrepRejInEutranUeCapacityLimit,NRCellCU
DC_E_NR_NRCELLCU,pmRwrIntraNrUeSuccRi,pmRwrIntraNrUeSuccRi,NRCellCU
DC_E_NR_NRCELLCU,pmHoPrepFailOutEpsfb,pmHoPrepFailOutEpsfb,NRCellCU
DC_E_NR_NRCELLCU,pmHoPrepFailInIntraGnbRi,pmHoPrepFailInIntraGnbRi,NRCellCU
DC_E_NR_NRCELLCU,pmHoPrepAttOutIntraGnbOffload,pmHoPrepAttOutIntraGnbOffload,NRCellCU
DC_E_NR_NRCELLCU,pmHoPrepSuccOutIntraGnbOffload,pmHoPrepSuccOutIntraGnbOffload,NRCellCU
DC_E_NR_NRCELLCU,pmHoExeAttOutIntraGnbOffload,pmHoExeAttOutIntraGnbOffload,NRCellCU
DC_E_NR_NRCELLCU,pmHoPrepAttOutEutranOffload,pmHoPrepAttOutEutranOffload,NRCellCU
DC_E_NR_NRCELLCU,pmNrdcRejCellBarred,pmNrdcRejCellBarred,NRCellCU
DC_E_NR_NRCELLCU,pmHoPrepFailInInterGnbRi,pmHoPrepFailInInterGnbRi,NRCellCU
DC_E_NR_NRCELLCU,pmHoExeAttOutInterGnbOffload,pmHoExeAttOutInterGnbOffload,NRCellCU
DC_E_NR_NRCELLCU,pmHoExeAttOutEutranOffload,pmHoExeAttOutEutranOffload,NRCellCU
DC_E_NR_NRCELLCU,pmHoPrepAttOutInterGnbOffload,pmHoPrepAttOutInterGnbOffload,NRCellCU
DC_E_NR_NRCELLCU,pmHoPrepFailInEutranRi,pmHoPrepFailInEutranRi,NRCellCU
DC_E_NR_NRCELLCU,pmHoExeSuccOutEutranOffload,pmHoExeSuccOutEutranOffload,NRCellCU
DC_E_NR_NRCELLCU,pmHoPrepSuccOutEutranOffload,pmHoPrepSuccOutEutranOffload,NRCellCU
DC_E_NR_NRCELLCU,pmHoPrepSuccOutInterGnbOffload,pmHoPrepSuccOutInterGnbOffload,NRCellCU
DC_E_NR_NRCELLCU,pmRrcInitAccessRejUeCapacityLimit,pmRrcInitAccessRejUeCapacityLimit,NRCellCU
DC_E_NR_NRCELLCU,pmHoExeSuccOutIntraGnbOffload,pmHoExeSuccOutIntraGnbOffload,NRCellCU
DC_E_NR_NRCELLDU,pmMassiveMimoSleepTimeEco,pmMassiveMimoSleepTimeEco,NRCellDU
DC_E_NR_NRCELLDU,pmMassiveMimoSleepOppTimeTxMute,pmMassiveMimoSleepOppTimeTxMute,NRCellDU
DC_E_NR_NRCELLDU,pmMassiveMimoSleepOppTimeEco,pmMassiveMimoSleepOppTimeEco,NRCellDU
DC_E_NR_NRCELLDU,pmMassiveMimoSleepTimeTxMute,pmMassiveMimoSleepTimeTxMute,NRCellDU
DC_E_NR_NRCELLDU,pmMassiveMimoSleepTimeEcoPending,pmMassiveMimoSleepTimeEcoPending,NRCellDU
DC_E_NR_GNBDUFUNCTION,pmFwkSampLostL2Cellplmn,pmFwkSampLostL2Cellplmn,GNBDUFunction
DC_E_NR_NRCELLCU,pmCaConfigMaxSa,pmCaConfigMaxSa,NRCellCU
DC_E_NR_NRCELLDU,pmMacVolDlPCellCa,pmMacVolDlPCellCa,NRCellDU
DC_E_NR_NRCELLDU,pmMacRBSymUsedPdcchAilg,pmMacRBSymUsedPdcchAilg,NRCellDU
DC_E_NR_NRCELLDU,pmRadioRaCfAttMsg2,pmRadioRaCfAttMsg2,NRCellDU
DC_E_NR_NRCELLDU_V,pmUeEffDopplerSpeedDistr,pmUeEffDopplerSpeedDistr,NRCellDU
DC_E_NR_NRCELLDU,pmRadioRaCfSucc,pmRadioRaCfSucc,NRCellDU
DC_E_NR_NRCELLDU,pmRadioRaCfPreambles,pmRadioRaCfPreambles,NRCellDU
DC_E_NR_GNBDUFUNCTION,pmLic50MHzBwHwac,pmLic50MHzBwHwac,GNBDUFunction
DC_E_NR_NRCELLCU,pmCaConfigSuccUl,pmCaConfigSuccUl,NRCellCU
DC_E_NR_NRCELLCU,pmCaDeconfigAttUl,pmCaDeconfigAttUl,NRCellCU
DC_E_NR_NRCELLCU,pmHoPrepSuccOutInterGnbIntraF,pmHoPrepSuccOutInterGnbIntraF,NRCellCU
DC_E_NR_NRCELLCU,pmEndcPSCellChangeSuccIntraSgnbIntraF,pmEndcPSCellChangeSuccIntraSgnbIntraF,NRCellCU
DC_E_NR_NRCELLCU,pmEndcPSCellChangeAttIntraSgnbIntraF,pmEndcPSCellChangeAttIntraSgnbIntraF,NRCellCU
DC_E_NR_NRCELLCU,pmHoExeSuccOutIntraGnbIntraF,pmHoExeSuccOutIntraGnbIntraF,NRCellCU
DC_E_NR_NRCELLCU,pmEndcRelUeMenbReconfigFail,pmEndcRelUeMenbReconfigFail,NRCellCU
DC_E_NR_NRCELLCU,pmHoExeSuccOutInterGnbIntraF,pmHoExeSuccOutInterGnbIntraF,NRCellCU
DC_E_NR_NRCELLCU,pmHoExeAttOutIntraGnbIntraF,pmHoExeAttOutIntraGnbIntraF,NRCellCU
DC_E_NR_NRCELLCU,pmHoPrepAttOutIntraGnbIntraF,pmHoPrepAttOutIntraGnbIntraF,NRCellCU
DC_E_NR_NRCELLCU,pmCaConfigAttUl,pmCaConfigAttUl,NRCellCU
DC_E_NR_NRCELLCU,pmHoPrepSuccOutIntraGnbIntraF,pmHoPrepSuccOutIntraGnbIntraF,NRCellCU
DC_E_NR_NRCELLCU,pmCaDeconfigSuccUl,pmCaDeconfigSuccUl,NRCellCU
DC_E_NR_NRCELLCU,pmHoPrepAttOutInterGnbIntraF,pmHoPrepAttOutInterGnbIntraF,NRCellCU
DC_E_NR_NRCELLCU,pmHoExeAttOutInterGnbIntraF,pmHoExeAttOutInterGnbIntraF,NRCellCU
DC_E_NR_NRCELLCU,pmRwrEutranUeSuccTs,pmRwrEutranUeSuccTs,NRCellCU
DC_E_NR_NRCELLCU,pmEndcPSCellChangeSuccInterSgnbIntraF,pmEndcPSCellChangeSuccInterSgnbIntraF,NRCellCU
DC_E_NR_NRCELLCU,pmEndcPSCellChangeAttInterSgnbIntraF,pmEndcPSCellChangeAttInterSgnbIntraF,NRCellCU
DC_E_NR_NRCELLDU,pmMacVolDlRat,pmMacVolDlRat,NRCellDU
DC_E_NR_NRCELLDU,pmMacActiveSrsUe,pmMacActiveSrsUe,NRCellDU
DC_E_NR_NRCELLDU,pmMacVolUlOffloadSCell,pmMacVolUlOffloadSCell,NRCellDU
DC_E_NR_NRCELLDU,pmMacVolUlUeLastSlot,pmMacVolUlUeLastSlot,NRCellDU
DC_E_NR_NRCELLDU_V,pmMacRBSymUsedPdschCbRatDistr,pmMacRBSymUsedPdschCbRatDistr,NRCellDU_V
DC_E_NR_NRCELLDU_V,pmMacSrsPdschAgeDistr,pmMacSrsPdschAgeDistr,NRCellDU_V
DC_E_NR_NRCELLDU_V,pmRadioPdschTable3MbsfnMcsDistr,pmRadioPdschTable3MbsfnMcsDistr,NRCellDU_V
DC_E_NR_NRCELLCU,pmNrdcSetupUeMnSuccInit,pmNrdcSetupUeMnSuccInit,NRCellCU
DC_E_NR_NRCELLCU,pmNrdcSetupUeMnSuccHoInterGnb,pmNrdcSetupUeMnSuccHoInterGnb,NRCellCU
DC_E_NR_NRCELLCU,pmNrdcSetupUeMnSuccHoIntraGnb,pmNrdcSetupUeMnSuccHoIntraGnb,NRCellCU
DC_E_NR_NRCELLCU,pmSaUeMeasurementReportUcm,pmSaUeMeasurementReportUcm,NRCellCU
DC_E_NR_NRCELLCU,pmNrdcSetupUeMnSuccHoInterGnbPSCellKeep,pmNrdcSetupUeMnSuccHoInterGnbPSCellKeep,NRCellCU
DC_E_NR_NRCELLCU,pmNrdcSetupUeMnAttInit,pmNrdcSetupUeMnAttInit,NRCellCU
DC_E_NR_NRCELLCU,pmNrdcSetupUeMnSuccHoIntraCell,pmNrdcSetupUeMnSuccHoIntraCell,NRCellCU
DC_E_NR_NRCELLCU,pmNrdcSetupUeMnAttHoIntraCell,pmNrdcSetupUeMnAttHoIntraCell,NRCellCU
DC_E_NR_NRCELLCU,pmNrdcSetupUeMnSuccHoIntraGnbPSCellKeep,pmNrdcSetupUeMnSuccHoIntraGnbPSCellKeep,NRCellCU
DC_E_NR_NRCELLCU,pmNrdcSetupUeMnAttHoInterGnb,pmNrdcSetupUeMnAttHoInterGnb,NRCellCU
DC_E_NR_NRCELLCU,pmNrdcSetupUeMnAttHoIntraGnb,pmNrdcSetupUeMnAttHoIntraGnb,NRCellCU
DC_E_NR_NRCELLDU,pmMacOverlapTimeDlDrbExtSCell,pmMacOverlapTimeDlDrbExtSCell,NRCellDU
DC_E_NR_NRCELLDU,pmMacThpDlDrbMax,pmMacThpDlDrbMax,NRCellDU
DC_E_NR_NRCELLDU,pmMacVolDlDrbSingleSlotShortBurst,pmMacVolDlDrbSingleSlotShortBurst,NRCellDU
DC_E_NR_NRCELLDU,pmMacTimeDlDrbSingleSlotShortBurst,pmMacTimeDlDrbSingleSlotShortBurst,NRCellDU
DC_E_NR_NRCELLDU,pmCellSleepTimeEnergySaving,pmCellSleepTimeEnergySaving,NRCellDU
DC_E_NR_NRCELLDU,pmMacVolDlDrbOverlapLastSlot,pmMacVolDlDrbOverlapLastSlot,NRCellDU
DC_E_NR_NRCELLDU,pmMacOffloadVolUlSCell,pmMacOffloadVolUlSCell,NRCellDU
DC_E_NR_NRCELLDU_V,pmMacVolDlDrbSingleSlotShortBurstQoS,pmMacVolDlDrbSingleSlotShortBurstQoS,NRCellDU_V
DC_E_NR_NRCELLDU_V,pmMacOverlapTimeDlDrbExtSCellQoS,pmMacOverlapTimeDlDrbExtSCellQoS,NRCellDU_V
DC_E_NR_NRCELLDU_V,pmMacTimeDlDrbSingleSlotShortBurstQoS,pmMacTimeDlDrbSingleSlotShortBurstQoS,NRCellDU_V
DC_E_NR_NRCELLDU_V,pmMacVolDlDrbOverlapLastSlotQoS,pmMacVolDlDrbOverlapLastSlotQoS,NRCellDU_V
DC_E_NR_NRCELLDU,pmRadioRaCfFailMsg1DiscSched,pmRadioRaCfFailMsg1DiscSched,NRCellDU
DC_E_NR_NRCELLDU_V,pmRadioMacShortPsrSinrDistr,pmRadioMacShortPsrSinrDistr,NRCellDU_V
DC_E_NR_NRCELLDU,pmRadioRaCfFailMsg2Disc,pmRadioRaCfFailMsg2Disc,NRCellDU
DC_E_NR_NRCELLDU,pmRadioRaCfUnassignedFalse,pmRadioRaCfUnassignedFalse,NRCellDU
DC_E_NR_NRCELLDU,pmMacHighPrioPreschedGrants,pmMacHighPrioPreschedGrants,NRCellDU
DC_E_NR_NRCELLDU_V,pmRadioRaCfPreambleFailedDistr,pmRadioRaCfPreambleFailedDistr,NRCellDU_V
DC_E_NR_NRCELLDU_V,pmRadioRaCfPreambleUnusedDistr,pmRadioRaCfPreambleUnusedDistr,NRCellDU_V
DC_E_NR_NRCELLDU,pmRadioRaCfFailMsg1Ooc,pmRadioRaCfFailMsg1Ooc,NRCellDU
DC_E_NR_NRCELLDU_V,pmRadioRaSuccTaRelDistr,pmRadioRaSuccTaRelDistr,NRCellDU_V
DC_E_NR_NRCELLDU_V,pmRadioMacLongPsrSinrDistr,pmRadioMacLongPsrSinrDistr,NRCellDU_V
DC_E_NR_NRCELLDU,pmRadioMacSrPeriodicitySwitchGoodCoverage,pmRadioMacSrPeriodicitySwitchGoodCoverage,NRCellDU
DC_E_NR_NRCELLDU,pmMacHighPrioPreschedGrantsUsed,pmMacHighPrioPreschedGrantsUsed,NRCellDU
DC_E_NR_NRCELLDU_V,pmMacVolDlSCellBwp,pmMacVolDlSCellBwp,NRCellDU_V
DC_E_NR_NRCELLDU_V,pmMacVolDlSCellExtBwp,pmMacVolDlSCellExtBwp,NRCellDU_V
DC_E_NR_NRCELLDU_V,pmMacServingDelayUlUeDistr,pmMacServingDelayUlUeDistr,NRCellDU_V
DC_E_NR_NRCELLDU_V,pmRadioMacShortPsrRsrpDistr,pmRadioMacShortPsrRsrpDistr,NRCellDU_V
DC_E_NR_NRCELLDU_V,pmRadioMacLongPsrRsrpDistr,pmRadioMacLongPsrRsrpDistr,NRCellDU_V
DC_E_NR_NRCELLDU,pmRadioMacSrPeriodicitySwitchLimitedCoverage,pmRadioMacSrPeriodicitySwitchLimitedCoverage,NRCellDU
DC_E_NR_NRCELLDU_V,pmMacVolUlSCellBwp,pmMacVolUlSCellBwp,NRCellDU_V
DC_E_NR_GNBCUCPFUNCTION,pmRrcConnRedCapLevelMax,pmRrcConnRedCapLevelMax,GNBCUCPFunction
DC_E_NR_GNBCUCPFUNCTION,pmRrcInactRedCapLevelMax,pmRrcInactRedCapLevelMax,GNBCUCPFunction
DC_E_NR_GNBCUCPFUNCTION,pmRrcInactRedCapLevelSum,pmRrcInactRedCapLevelSum,GNBCUCPFunction
DC_E_NR_GNBCUCPFUNCTION,pmNeighborObjFootprint,pmNeighborObjFootprint,GNBCUCPFunction
DC_E_NR_GNBCUCPFUNCTION,pmRrcConnRedCapLevelSum,pmRrcConnRedCapLevelSum,GNBCUCPFunction
DC_E_NR_NRCELLCU,pmHoPrepSuccOutIntraGnbPciHandling,pmHoPrepSuccOutIntraGnbPciHandling,NRCellCU
DC_E_NR_NRCELLCU,pmUeMeasEcgiFailUeCapPciHandling,pmUeMeasEcgiFailUeCapPciHandling,NRCellCU
DC_E_NR_NRCELLCU,pmUeMeasEcgiRcvDrxPciHandling,pmUeMeasEcgiRcvDrxPciHandling,NRCellCU
DC_E_NR_NRCELLCU,pmHoPrepSuccOutEutranPciHandling,pmHoPrepSuccOutEutranPciHandling,NRCellCU
DC_E_NR_NRCELLCU,pmHoExeAttOutIntraGnbPciHandling,pmHoExeAttOutIntraGnbPciHandling,NRCellCU
DC_E_NR_NRCELLCU,pmHoPrepAttOutIntraGnbPciHandling,pmHoPrepAttOutIntraGnbPciHandling,NRCellCU
DC_E_NR_NRCELLCU,pmRrcConnRedCapLevelSum,pmRrcConnRedCapLevelSum,NRCellCU
DC_E_NR_NRCELLCU,pmHoExeAttOutInterGnbPciHandling,pmHoExeAttOutInterGnbPciHandling,NRCellCU
DC_E_NR_NRCELLCU,pmHoPrepAttOutInterGnbPciHandling,pmHoPrepAttOutInterGnbPciHandling,NRCellCU
DC_E_NR_NRCELLCU,pmHoExeSuccOutInterGnbPciHandling,pmHoExeSuccOutInterGnbPciHandling,NRCellCU
DC_E_NR_NRCELLCU,pmHoExeSuccOutIntraGnbPciHandling,pmHoExeSuccOutIntraGnbPciHandling,NRCellCU
DC_E_NR_NRCELLCU,pmUeMeasNcgiFailUeCapPciHandling,pmUeMeasNcgiFailUeCapPciHandling,NRCellCU
DC_E_NR_NRCELLCU,pmUeMeasEcgiTriggerDrxPciHandling,pmUeMeasEcgiTriggerDrxPciHandling,NRCellCU
DC_E_NR_NRCELLCU,pmEndcSetupFailReconfigFail,pmEndcSetupFailReconfigFail,NRCellCU
DC_E_NR_NRCELLCU,pmUeMeasNcgiRcvDrxPciHandling,pmUeMeasNcgiRcvDrxPciHandling,NRCellCU
DC_E_NR_NRCELLCU,pmRrcInactRedCapLevelSum,pmRrcInactRedCapLevelSum,NRCellCU
DC_E_NR_NRCELLCU,pmHoPrepSuccOutInterGnbPciHandling,pmHoPrepSuccOutInterGnbPciHandling,NRCellCU
DC_E_NR_NRCELLCU,pmRrcConnRedCapLevelMax,pmRrcConnRedCapLevelMax,NRCellCU
DC_E_NR_NRCELLCU,pmRrcInactRedCapLevelMax,pmRrcInactRedCapLevelMax,NRCellCU
DC_E_NR_NRCELLCU,pmHoPrepAttOutEutranPciHandling,pmHoPrepAttOutEutranPciHandling,NRCellCU
DC_E_NR_NRCELLCU,pmHoExeSuccOutEutranPciHandling,pmHoExeSuccOutEutranPciHandling,NRCellCU
DC_E_NR_NRCELLCU,pmHoExeAttOutEutranPciHandling,pmHoExeAttOutEutranPciHandling,NRCellCU
DC_E_NR_NRCELLCU,pmUeMeasNcgiTriggerDrxPciHandling,pmUeMeasNcgiTriggerDrxPciHandling,NRCellCU
DC_E_NR_GNBDUFUNCTION,pmLicEricssonRedCapBasCellCapacity,pmLicEricssonRedCapBasCellCapacity,GNBDUFunction
DC_E_NR_GNBDUFUNCTION,pmRimVictimCellDetectedMax,pmRimVictimCellDetectedMax,GNBDUFunction
DC_E_NR_GNBDUFUNCTION,pmRimVictimRiDetectedMax,pmRimVictimRiDetectedMax,GNBDUFunction
DC_E_NR_GNBDUFUNCTION,pmRimAggressorCellDetectedMax,pmRimAggressorCellDetectedMax,GNBDUFunction
DC_E_NR_GNBDUFUNCTION,pmLicEricssonRedCapMaxCellCapacity,pmLicEricssonRedCapMaxCellCapacity,GNBDUFunction
DC_E_NR_GNBDUFUNCTION,pmLicEricssonRedCapAdvCellCapacity,pmLicEricssonRedCapAdvCellCapacity,GNBDUFunction
DC_E_NR_NRCELLDU_V,pmUeCtxtModAttWvfSwitchDistr,pmUeCtxtModAttWvfSwitchDistr,NRCellDU_V
DC_E_NR_NRCELLDU_V,pmRimDetectedVictimDistanceMaxDistr,pmRimDetectedVictimDistanceMaxDistr,NRCellDU_V
DC_E_NR_NRCELLDU_V,pmUeCtxtModSuccWvfSwitchDistr,pmUeCtxtModSuccWvfSwitchDistr,NRCellDU_V
DC_E_NR_NRCELLDU_V,pmRadioRaSuccTaAbsDistr,pmRadioRaSuccTaAbsDistr,NRCellDU_V
DC_E_NR_NRCELLDU,pmRimDetectedAggressorSetIDsMax,pmRimDetectedAggressorSetIDsMax,NRCellDU
DC_E_NR_NRCELLDU,pmRimDetectedVictimSetIDsMax,pmRimDetectedVictimSetIDsMax,NRCellDU
DC_E_NR_NRCELLDU_V,pmRimDetectedAggressorDistanceMaxDistr,pmRimDetectedAggressorDistanceMaxDistr,NRCellDU_V
DC_E_NR_NRCELLDU,pmRimRS1EnoughNotEnoughRatioMax,pmRimRS1EnoughNotEnoughRatioMax,NRCellDU
DC_E_NR_GNBCUCPFUNCTION,pmUeCtxtRetrieveFailRrcReestNoUeCtxt,pmUeCtxtRetrieveFailRrcReestNoUeCtxt,GNBCUCPFunction
DC_E_NR_GNBDUFUNCTION,pmArcLinkDelayAboveCaSchedOptThres,pmArcLinkDelayAboveCaSchedOptThres,GNBDUFunction
DC_E_NR_GNBDUFUNCTION,pmArcPartnerSuspensionLinkDelay,pmArcPartnerSuspensionLinkDelay,GNBDUFunction
DC_E_NR_NRCELLCU,pmNrdcSetupUeRejCellInvalid,pmNrdcSetupUeRejCellInvalid,NRCellCU
DC_E_NR_NRCELLCU,pmEndcSetupUeRejCellInvalid,pmEndcSetupUeRejCellInvalid,NRCellCU
DC_E_NR_NRCELLCU,pmHoPrepRejCellInvalid,pmHoPrepRejCellInvalid,NRCellCU
DC_E_NR_NRCELLCU,pmCaConfigDelaySamp,pmCaConfigDelaySamp,NRCellCU
DC_E_NR_NRCELLCU,pmCaConfigDelaySum,pmCaConfigDelaySum,NRCellCU
DC_E_NR_NRCELLDU_V,pmMacInitSchedDelayUlMaxQos,pmMacInitSchedDelayUlMaxQos,NRCellDU_V
DC_E_NR_NRCELLDU,pmMacVolUlResCaUe,pmMacVolUlResCaUe,NRCellDU
DC_E_NR_NRCELLDU_V,pmRadioRecInterferencePwrUlSlot7Distr,pmRadioRecInterferencePwrUlSlot7Distr,NRCellDU_V
DC_E_NR_NRCELLDU,pmMacTimeDlCaDrbActivity,pmMacTimeDlCaDrbActivity,NRCellDU
DC_E_NR_NRCELLDU,pmMacTimeUlResCaUe,pmMacTimeUlResCaUe,NRCellDU
DC_E_NR_NRCELLDU,pmMacRBSymAvailPdcch,pmMacRBSymAvailPdcch,NRCellDU
DC_E_NR_NRCELLDU,pmMacVolUlSCellExt,pmMacVolUlSCellExt,NRCellDU
DC_E_NR_NRCELLDU,pmMacVolDlCaDrb,pmMacVolDlCaDrb,NRCellDU
DC_E_NR_NRCELLDU,pmMacTimeDlCaDrb,pmMacTimeDlCaDrb,NRCellDU
DC_E_NR_NRCELLDU_V,pmMacTimeUlResDrbMaxQos,pmMacTimeUlResDrbMaxQos,NRCellDU_V
DC_E_NR_NRCELLDU_V,pmMacVolUlSCellExtBwp,pmMacVolUlSCellExtBwp,NRCellDU_V
DC_E_NR_NRCELLDU_V,pmRadioRecInterferencePwrUlSlot8Distr,pmRadioRecInterferencePwrUlSlot8Distr,NRCellDU_V
DC_E_NR_NRCELLDU,pmMacTimeDlCaConfigDrbActivity,pmMacTimeDlCaConfigDrbActivity,NRCellDU
DC_E_NR_NRCELLDU,pmMacOffloadVolUlSCellExt,pmMacOffloadVolUlSCellExt,NRCellDU